image_file,Species_name,gt_list,gt_norm_list,predicted_list,preds_norm,match_any,n_predictions,multi_predictions,zero_predictions,matching_pred
1689120590238.jpg,Caranx sexfasciatus,['Caranx sexfasciatus'],['Caranx sexfasciatus'],['Nan'],['Nan'],False,1,False,False,
1689254343092.jpg,Gazza minuta,['Gazza minuta'],['Gazza minuta'],"['Nan', 'Nan']","['Nan', 'Nan']",False,2,True,False,
1689254343092.jpg,Upeneus vittatus,['Upeneus vittatus'],['Upeneus vittatus'],"['Nan', 'Nan']","['Nan', 'Nan']",False,2,True,False,
1689379821579.jpg,Decapterus,['Decapterus'],['Decapterus'],[],[],False,0,False,True,
1689388044927.jpg,Caranx lugubris,['Caranx lugubris'],['Caranx lugubris'],['Pomadasys argenteus'],['Pomadasys argenteus'],False,1,False,False,
1689388326411.jpg,Caranx lugubris,['Caranx lugubris'],['Caranx lugubris'],['Parupeneus indicus'],['Parupeneus indicus'],False,1,False,False,
1689421223571.jpg,Rastrelliger faughni,['Rastrelliger faughni'],['Rastrelliger faughni'],[],[],False,0,False,True,
1689556573003.jpg,Rastrelliger faughni,['Rastrelliger faughni'],['Rastrelliger faughni'],[],[],False,0,False,True,
1689556897897.jpg,Rastrelliger faughni,['Rastrelliger faughni'],['Rastrelliger faughni'],[],[],False,0,False,True,
1689557063983.jpg,Lutjanus timoriensis,['Lutjanus timoriensis'],['Lutjanus timoriensis'],[],[],False,0,False,True,
1689557098876.jpg,Arius arius,['Arius arius'],['Arius arius'],"['Chirocentrus dorab', 'Chirocentrus dorab', 'Chirocentrus dorab', 'Chirocentrus dorab', 'Chirocentrus dorab', 'Chirocentrus dorab', 'Chirocentrus dorab']","['Chirocentrus dorab', 'Chirocentrus dorab', 'Chirocentrus dorab', 'Chirocentrus dorab', 'Chirocentrus dorab', 'Chirocentrus dorab', 'Chirocentrus dorab']",False,7,True,False,
1689557718893.jpg,Rastrelliger faughni,['Rastrelliger faughni'],['Rastrelliger faughni'],[],[],False,0,False,True,
1689557783158.jpg,Lutjanus timoriensis,['Lutjanus timoriensis'],['Lutjanus timoriensis'],[],[],False,0,False,True,
1689571824051.jpg,Rastrelliger faughni,['Rastrelliger faughni'],['Rastrelliger faughni'],[],[],False,0,False,True,
1689577829534.jpg,Scomberomorus commerson,['Scomberomorus commerson'],['Scomberomorus commerson'],['Chirocentrus dorab'],['Chirocentrus dorab'],False,1,False,False,
1689577974563.jpg,Scomberomorus commerson,['Scomberomorus commerson'],['Scomberomorus commerson'],['Chirocentrus dorab'],['Chirocentrus dorab'],False,1,False,False,
1689578011527.jpg,Caranx tille,['Caranx tille'],['Caranx tille'],['Nan'],['Nan'],False,1,False,False,
1689578033635.jpg,Lutjanus timoriensis,['Lutjanus timoriensis'],['Lutjanus timoriensis'],[],[],False,0,False,True,
1689578156358.jpg,Caranx tille,['Caranx tille'],['Caranx tille'],['Nan'],['Nan'],False,1,False,False,
1689594468820.jpg,Lutjanus gibbus,['Lutjanus gibbus'],['Lutjanus gibbus'],['Nan'],['Nan'],False,1,False,False,
1689595411351.jpg,Decapterus,['Decapterus'],['Decapterus'],[],[],False,0,False,True,
1689595584138.jpg,Decapterus,['Decapterus'],['Decapterus'],[],[],False,0,False,True,
1689595904948.jpg,Decapterus,['Decapterus'],['Decapterus'],[],[],False,0,False,True,
1689650885166.jpg,Rastrelliger sp.,['Rastrelliger sp.'],['Rastrelliger sp'],[],[],False,0,False,True,
1689651076768.jpg,Scomberomorus commerson,['Scomberomorus commerson'],['Scomberomorus commerson'],"['Scomberomorus commerson', 'Acanthocybium solandri']","['Scomberomorus commerson', 'Acanthocybium solandri']",True,2,True,False,Scomberomorus commerson
1689651811316.jpg,Scomberomorus commerson,['Scomberomorus commerson'],['Scomberomorus commerson'],['Acanthocybium solandri'],['Acanthocybium solandri'],False,1,False,False,
1689652445419.jpg,Caranx tille,['Caranx tille'],['Caranx tille'],['Alectis ciliaris'],['Alectis ciliaris'],False,1,False,False,
1689652491689.jpg,Scomberomorus commerson,['Scomberomorus commerson'],['Scomberomorus commerson'],"['Chirocentrus dorab', 'Chirocentrus dorab']","['Chirocentrus dorab', 'Chirocentrus dorab']",False,2,True,False,
1689686832731.jpg,Hemiramphus sp.,['Hemiramphus sp.'],['Hemiramphus sp'],[],[],False,0,False,True,
1689690247982.jpg,Rastrelliger faughni,['Rastrelliger faughni'],['Rastrelliger faughni'],[],[],False,0,False,True,
1689717471365.jpg,Platax boersii,['Platax boersii'],['Platax boersii'],['Nan'],['Nan'],False,1,False,False,
1689733035992.jpg,Acanthocybium solandri,['Acanthocybium solandri'],['Acanthocybium solandri'],['Chirocentrus dorab'],['Chirocentrus dorab'],False,1,False,False,
1689739881340.jpg,Scomberomorus commerson,['Scomberomorus commerson'],['Scomberomorus commerson'],['Chirocentrus dorab'],['Chirocentrus dorab'],False,1,False,False,
1689739901296.jpg,Scomberomorus commerson,['Scomberomorus commerson'],['Scomberomorus commerson'],['Chirocentrus dorab'],['Chirocentrus dorab'],False,1,False,False,
1689740066618.jpg,Scomberomorus commerson,['Scomberomorus commerson'],['Scomberomorus commerson'],['Chirocentrus dorab'],['Chirocentrus dorab'],False,1,False,False,
1689740260887.jpg,Caranx sexfasciatus,['Caranx sexfasciatus'],['Caranx sexfasciatus'],['Caranx ignobilis'],['Caranx ignobilis'],False,1,False,False,
1689743238728.jpg,Scomberomorus sp,['Scomberomorus sp'],['Scomberomorus sp'],[],[],False,0,False,True,
1689743257346.jpg,Scomberomorus commerson,['Scomberomorus commerson'],['Scomberomorus commerson'],['Chirocentrus dorab'],['Chirocentrus dorab'],False,1,False,False,
1689743281308.jpg,Lutjanus timoriensis,['Lutjanus timoriensis'],['Lutjanus timoriensis'],[],[],False,0,False,True,
1689836874578.jpg,Rastrelliger faughni,['Rastrelliger faughni'],['Rastrelliger faughni'],[],[],False,0,False,True,
1690020349226.jpg,Decapterus,['Decapterus'],['Decapterus'],[],[],False,0,False,True,
1690020656128.jpg,Decapterus,['Decapterus'],['Decapterus'],[],[],False,0,False,True,
1690020862033.jpg,Decapterus,['Decapterus'],['Decapterus'],[],[],False,0,False,True,
1690021036458.jpg,Decapterus,['Decapterus'],['Decapterus'],[],[],False,0,False,True,
1690021180199.jpg,Decapterus,['Decapterus'],['Decapterus'],[],[],False,0,False,True,
1690021336619.jpg,Decapterus,['Decapterus'],['Decapterus'],[],[],False,0,False,True,
1690021455855.jpg,Decapterus,['Decapterus'],['Decapterus'],[],[],False,0,False,True,
1690158839295.jpg,Lutjanus timoriensis,['Lutjanus timoriensis'],['Lutjanus timoriensis'],[],[],False,0,False,True,
1690159389660.jpg,Caranx tille,['Caranx tille'],['Caranx tille'],['Caranx ignobilis'],['Caranx ignobilis'],False,1,False,False,
1690159931251.jpg,Sardinella albella,['Sardinella albella'],['Sardinella albella'],['Scomberomorus commerson'],['Scomberomorus commerson'],False,1,False,False,
1690160029885.jpg,Chirocentrus dorab,['Chirocentrus dorab'],['Chirocentrus dorab'],['Scomberomorus commerson'],['Scomberomorus commerson'],False,1,False,False,
1690328869667.jpg,Rastrelliger faughni,['Rastrelliger faughni'],['Rastrelliger faughni'],[],[],False,0,False,True,
1690336749038.jpg,Carangidae,['Carangidae'],['Carangidae'],[],[],False,0,False,True,
1690336988079.jpg,Pomadasys argenteus,['Pomadasys argenteus'],['Pomadasys argenteus'],['Nan'],['Nan'],False,1,False,False,
1690337039741.jpg,Caranx sexfasciatus,['Caranx sexfasciatus'],['Caranx sexfasciatus'],['Nan'],['Nan'],False,1,False,False,
1690337115859.jpg,Pomacanthus annularis,['Pomacanthus annularis'],['Pomacanthus annularis'],['Nan'],['Nan'],False,1,False,False,
1690349481994.jpg,Caranx sexfasciatus,['Caranx sexfasciatus'],['Caranx sexfasciatus'],"['Gazza minuta', 'Gazza minuta', 'Gazza minuta', 'Gazza minuta', 'Gazza minuta', 'Aurigequula fasciata', 'Gazza minuta', 'Gazza minuta', 'Gazza minuta', 'Gazza minuta', 'Gazza minuta', 'Aurigequula fasciata']","['Gazza minuta', 'Gazza minuta', 'Gazza minuta', 'Gazza minuta', 'Gazza minuta', 'Aurigequula fasciata', 'Gazza minuta', 'Gazza minuta', 'Gazza minuta', 'Gazza minuta', 'Gazza minuta', 'Aurigequula fasciata']",False,12,True,False,
1690349481994.jpg,Caranx melampygus,['Caranx melampygus'],['Caranx melampygus'],"['Gazza minuta', 'Gazza minuta', 'Gazza minuta', 'Gazza minuta', 'Gazza minuta', 'Aurigequula fasciata', 'Gazza minuta', 'Gazza minuta', 'Gazza minuta', 'Gazza minuta', 'Gazza minuta', 'Aurigequula fasciata']","['Gazza minuta', 'Gazza minuta', 'Gazza minuta', 'Gazza minuta', 'Gazza minuta', 'Aurigequula fasciata', 'Gazza minuta', 'Gazza minuta', 'Gazza minuta', 'Gazza minuta', 'Gazza minuta', 'Aurigequula fasciata']",False,12,True,False,
1690460422406.jpg,Myripristis spp.,['Myripristis spp.'],['Myripristis spp'],[],[],False,0,False,True,
1690460422406.jpg,Lutjanus sp.,['Lutjanus sp.'],['Lutjanus sp'],[],[],False,0,False,True,
1690460422406.jpg,Pempheris sp.,['Pempheris sp.'],['Pempheris sp'],[],[],False,0,False,True,
1690466885625.jpg,Caranx sexfasciatus,['Caranx sexfasciatus'],['Caranx sexfasciatus'],['Scomberoides tol'],['Scomberoides tol'],False,1,False,False,
1690537704684.jpg,Rastrelliger faughni,['Rastrelliger faughni'],['Rastrelliger faughni'],[],[],False,0,False,True,
1690537936402.jpg,Rastrelliger faughni,['Rastrelliger faughni'],['Rastrelliger faughni'],[],[],False,0,False,True,
1690538277857.jpg,Rastrelliger faughni,['Rastrelliger faughni'],['Rastrelliger faughni'],[],[],False,0,False,True,
1690544392983.jpg,Caranx melampygus,['Caranx melampygus'],['Caranx melampygus'],"['Scomberoides tol', 'Scomberoides tol', 'Scomberoides tol', 'Scomberoides tol', 'Scomberoides tol', 'Scomberoides tol', 'Scomberoides tol', 'Scomberoides tol', 'Scomberoides tol', 'Scomberoides tol', 'Scomberoides tol', 'Scomberoides tol']","['Scomberoides tol', 'Scomberoides tol', 'Scomberoides tol', 'Scomberoides tol', 'Scomberoides tol', 'Scomberoides tol', 'Scomberoides tol', 'Scomberoides tol', 'Scomberoides tol', 'Scomberoides tol', 'Scomberoides tol', 'Scomberoides tol']",False,12,True,False,
1690544392983.jpg,Caranx sexfasciatus,['Caranx sexfasciatus'],['Caranx sexfasciatus'],"['Scomberoides tol', 'Scomberoides tol', 'Scomberoides tol', 'Scomberoides tol', 'Scomberoides tol', 'Scomberoides tol', 'Scomberoides tol', 'Scomberoides tol', 'Scomberoides tol', 'Scomberoides tol', 'Scomberoides tol', 'Scomberoides tol']","['Scomberoides tol', 'Scomberoides tol', 'Scomberoides tol', 'Scomberoides tol', 'Scomberoides tol', 'Scomberoides tol', 'Scomberoides tol', 'Scomberoides tol', 'Scomberoides tol', 'Scomberoides tol', 'Scomberoides tol', 'Scomberoides tol']",False,12,True,False,
1690598296038.jpg,Decapterus,['Decapterus'],['Decapterus'],[],[],False,0,False,True,
1690598682706.jpg,Lutjanus bohar,['Lutjanus bohar'],['Lutjanus bohar'],"['Parupeneus heptacanthus', 'Parupeneus heptacanthus', 'Lutjanus johnii']","['Parupeneus heptacanthus', 'Parupeneus heptacanthus', 'Lutjanus johnii']",False,3,True,False,
1690599089156.jpg,Lutjanus gibbus,['Lutjanus gibbus'],['Lutjanus gibbus'],"['Gazza minuta', 'Parupeneus heptacanthus', 'Gazza minuta', 'Parupeneus heptacanthus']","['Gazza minuta', 'Parupeneus heptacanthus', 'Gazza minuta', 'Parupeneus heptacanthus']",False,4,True,False,
1690599089156.jpg,Lutjanus bohar,['Lutjanus bohar'],['Lutjanus bohar'],"['Gazza minuta', 'Parupeneus heptacanthus', 'Gazza minuta', 'Parupeneus heptacanthus']","['Gazza minuta', 'Parupeneus heptacanthus', 'Gazza minuta', 'Parupeneus heptacanthus']",False,4,True,False,
1690602358636.jpg,Decapterus,['Decapterus'],['Decapterus'],[],[],False,0,False,True,
1690861067104.jpg,Sardinella albella,['Sardinella albella'],['Sardinella albella'],['Scomberomorus commerson'],['Scomberomorus commerson'],False,1,False,False,
1690861294149.jpg,Sardinella albella,['Sardinella albella'],['Sardinella albella'],['Scomberomorus commerson'],['Scomberomorus commerson'],False,1,False,False,
1690861524786.jpg,Chirocentrus nudus,['Chirocentrus nudus'],['Chirocentrus nudus'],"['Chirocentrus dorab', 'Chirocentrus dorab']","['Chirocentrus dorab', 'Chirocentrus dorab']",False,2,True,False,
1690861984401.jpg,Sardinella albella,['Sardinella albella'],['Sardinella albella'],['Scomberomorus commerson'],['Scomberomorus commerson'],False,1,False,False,
1690862494432.jpg,Sardinella albella,['Sardinella albella'],['Sardinella albella'],['Scomberomorus commerson'],['Scomberomorus commerson'],False,1,False,False,
1690890877921.jpg,Lutjanus fulviflamma,['Lutjanus fulviflamma'],['Lutjanus fulviflamma'],"['Nan', 'Nan']","['Nan', 'Nan']",False,2,True,False,
1690890877921.jpg,Lutjanus russellii,['Lutjanus russellii'],['Lutjanus russellii'],"['Nan', 'Nan']","['Nan', 'Nan']",False,2,True,False,
1690890877921.jpg,Lutjanus timoriensis,['Lutjanus timoriensis'],['Lutjanus timoriensis'],"['Nan', 'Nan']","['Nan', 'Nan']",False,2,True,False,
1691070971282.jpg,Rastrelliger faughni,['Rastrelliger faughni'],['Rastrelliger faughni'],[],[],False,0,False,True,
1691143949361.jpg,Caranx lugubris,['Caranx lugubris'],['Caranx lugubris'],['Aurigequula fasciata'],['Aurigequula fasciata'],False,1,False,False,
1691195717148.jpg,Decapterus,['Decapterus'],['Decapterus'],[],[],False,0,False,True,
1691196030030.jpg,Decapterus,['Decapterus'],['Decapterus'],[],[],False,0,False,True,
1691197613692.jpg,Decapterus,['Decapterus'],['Decapterus'],[],[],False,0,False,True,
1691197797009.jpg,Caranx sexfasciatus,['Caranx sexfasciatus'],['Caranx sexfasciatus'],"['Gazza minuta', 'Gazza minuta', 'Gazza minuta', 'Gazza minuta', 'Gazza minuta', 'Gazza minuta', 'Gazza minuta', 'Gazza minuta', 'Gazza minuta', 'Gazza minuta']","['Gazza minuta', 'Gazza minuta', 'Gazza minuta', 'Gazza minuta', 'Gazza minuta', 'Gazza minuta', 'Gazza minuta', 'Gazza minuta', 'Gazza minuta', 'Gazza minuta']",False,10,True,False,
1691197797009.jpg,Caranx melampygus,['Caranx melampygus'],['Caranx melampygus'],"['Gazza minuta', 'Gazza minuta', 'Gazza minuta', 'Gazza minuta', 'Gazza minuta', 'Gazza minuta', 'Gazza minuta', 'Gazza minuta', 'Gazza minuta', 'Gazza minuta']","['Gazza minuta', 'Gazza minuta', 'Gazza minuta', 'Gazza minuta', 'Gazza minuta', 'Gazza minuta', 'Gazza minuta', 'Gazza minuta', 'Gazza minuta', 'Gazza minuta']",False,10,True,False,
1691201300294.jpg,Lethrinus erythracanthus,['Lethrinus erythracanthus'],['Lethrinus erythracanthus'],['Nan'],['Nan'],False,1,False,False,
1691201436749.jpg,Decapterus,['Decapterus'],['Decapterus'],[],[],False,0,False,True,
1691201510682.jpg,Lutjanus gibbus,['Lutjanus gibbus'],['Lutjanus gibbus'],['Nan'],['Nan'],False,1,False,False,
1691201569643.jpg,Decapterus,['Decapterus'],['Decapterus'],[],[],False,0,False,True,
1691201635655.jpg,Lutjanus gibbus,['Lutjanus gibbus'],['Lutjanus gibbus'],['Nan'],['Nan'],False,1,False,False,
1691201728522.jpg,Lutjanus gibbus,['Lutjanus gibbus'],['Lutjanus gibbus'],['Nan'],['Nan'],False,1,False,False,
1691201866303.jpg,Decapterus,['Decapterus'],['Decapterus'],[],[],False,0,False,True,
1691234458029.jpg,Elagatis bipinnulata,['Elagatis bipinnulata'],['Elagatis bipinnulata'],['Chirocentrus dorab'],['Chirocentrus dorab'],False,1,False,False,
1691235083249.jpg,Caranx sexfasciatus,['Caranx sexfasciatus'],['Caranx sexfasciatus'],['Pomadasys argenteus'],['Pomadasys argenteus'],False,1,False,False,
1691235144639.jpg,Elagatis bipinnulata,['Elagatis bipinnulata'],['Elagatis bipinnulata'],['Scomberomorus commerson'],['Scomberomorus commerson'],False,1,False,False,
1691235476798.jpg,Elagatis bipinnulata,['Elagatis bipinnulata'],['Elagatis bipinnulata'],['Nan'],['Nan'],False,1,False,False,
1691235509689.jpg,Caranx sexfasciatus,['Caranx sexfasciatus'],['Caranx sexfasciatus'],['Pomadasys kaakan'],['Pomadasys kaakan'],False,1,False,False,
1691235988859.jpg,Elagatis bipinnulata,['Elagatis bipinnulata'],['Elagatis bipinnulata'],['Scomberomorus commerson'],['Scomberomorus commerson'],False,1,False,False,
1691236115459.jpg,Elagatis bipinnulata,['Elagatis bipinnulata'],['Elagatis bipinnulata'],['Scomberomorus commerson'],['Scomberomorus commerson'],False,1,False,False,
1691318532173.jpg,Rastrelliger faughni,['Rastrelliger faughni'],['Rastrelliger faughni'],[],[],False,0,False,True,
1691557514958.jpg,Rastrelliger kanagurta,['Rastrelliger kanagurta'],['Rastrelliger kanagurta'],"['Lutjanus johnii', 'Rastrelliger kanagurta']","['Lutjanus johnii', 'Rastrelliger kanagurta']",True,2,True,False,Rastrelliger kanagurta
1691558833083.jpg,Rastrelliger kanagurta,['Rastrelliger kanagurta'],['Rastrelliger kanagurta'],"['Lutjanus johnii', 'Rastrelliger kanagurta']","['Lutjanus johnii', 'Rastrelliger kanagurta']",True,2,True,False,Rastrelliger kanagurta
1691559743804.jpg,Rastrelliger kanagurta,['Rastrelliger kanagurta'],['Rastrelliger kanagurta'],"['Lutjanus johnii', 'Rastrelliger kanagurta']","['Lutjanus johnii', 'Rastrelliger kanagurta']",True,2,True,False,Rastrelliger kanagurta
1691639380517.jpg,Ferdauia ferdau,['Ferdauia ferdau'],['Ferdauia ferdau'],[],[],False,0,False,True,
1691639424161.jpg,Ferdauia ferdau,['Ferdauia ferdau'],['Ferdauia ferdau'],[],[],False,0,False,True,
1692060112125.jpg,Rastrelliger faughni,['Rastrelliger faughni'],['Rastrelliger faughni'],[],[],False,0,False,True,
1692060147995.jpg,Carangidae,['Carangidae'],['Carangidae'],[],[],False,0,False,True,
1692068562217.jpg,Caranx tille,['Caranx tille'],['Caranx tille'],['Nan'],['Nan'],False,1,False,False,
1692068612306.jpg,Lutjanus timoriensis,['Lutjanus timoriensis'],['Lutjanus timoriensis'],[],[],False,0,False,True,
1692330714243.jpg,Lutjanus sp.,['Lutjanus sp.'],['Lutjanus sp'],[],[],False,0,False,True,
1692330746905.jpg,Carangidae,['Carangidae'],['Carangidae'],[],[],False,0,False,True,
1692330774500.jpg,Lutjanus timoriensis,['Lutjanus timoriensis'],['Lutjanus timoriensis'],[],[],False,0,False,True,
1692330985857.jpg,Caranx sexfasciatus,['Caranx sexfasciatus'],['Caranx sexfasciatus'],"['Gazza minuta', 'Gazza minuta']","['Gazza minuta', 'Gazza minuta']",False,2,True,False,
1692330985857.jpg,Pomadasys kaakan,['Pomadasys kaakan'],['Pomadasys kaakan'],"['Gazza minuta', 'Gazza minuta']","['Gazza minuta', 'Gazza minuta']",False,2,True,False,
1692367560146.jpg,Lutjanus timoriensis,['Lutjanus timoriensis'],['Lutjanus timoriensis'],[],[],False,0,False,True,
1692367858757.jpg,Rastrelliger faughni,['Rastrelliger faughni'],['Rastrelliger faughni'],[],[],False,0,False,True,
1692413225981.jpg,Lutjanus gibbus,['Lutjanus gibbus'],['Lutjanus gibbus'],"['Pomadasys argenteus', 'Pomadasys argenteus', 'Pomadasys kaakan', 'Pomadasys kaakan']","['Pomadasys argenteus', 'Pomadasys argenteus', 'Pomadasys kaakan', 'Pomadasys kaakan']",False,4,True,False,
1692413842219.jpg,Lutjanus gibbus,['Lutjanus gibbus'],['Lutjanus gibbus'],"['Pomadasys argenteus', 'Lutjanus johnii']","['Pomadasys argenteus', 'Lutjanus johnii']",False,2,True,False,
1692414093710.jpg,Lutjanus gibbus,['Lutjanus gibbus'],['Lutjanus gibbus'],"['Lutjanus johnii', 'Pomadasys argenteus']","['Lutjanus johnii', 'Pomadasys argenteus']",False,2,True,False,
1692414486273.jpg,Lutjanus gibbus,['Lutjanus gibbus'],['Lutjanus gibbus'],['Nan'],['Nan'],False,1,False,False,
1692581111734.jpg,Lutjanus timoriensis,['Lutjanus timoriensis'],['Lutjanus timoriensis'],[],[],False,0,False,True,
1692581137223.jpg,Caranx sexfasciatus,['Caranx sexfasciatus'],['Caranx sexfasciatus'],['Gazza minuta'],['Gazza minuta'],False,1,False,False,
1692581157271.jpg,Caranx sexfasciatus,['Caranx sexfasciatus'],['Caranx sexfasciatus'],['Caranx ignobilis'],['Caranx ignobilis'],False,1,False,False,
1692609848024.jpg,Rastrelliger faughni,['Rastrelliger faughni'],['Rastrelliger faughni'],[],[],False,0,False,True,
1692674750802.jpg,Rastrelliger faughni,['Rastrelliger faughni'],['Rastrelliger faughni'],[],[],False,0,False,True,
1692674979299.jpg,Lutjanus timoriensis,['Lutjanus timoriensis'],['Lutjanus timoriensis'],[],[],False,0,False,True,
1692680537878.jpg,Rastrelliger faughni,['Rastrelliger faughni'],['Rastrelliger faughni'],[],[],False,0,False,True,
1692680667128.jpg,Rastrelliger faughni,['Rastrelliger faughni'],['Rastrelliger faughni'],[],[],False,0,False,True,
1692680823804.jpg,Lutjanus timoriensis,['Lutjanus timoriensis'],['Lutjanus timoriensis'],[],[],False,0,False,True,
1692680872289.jpg,Ferdauia orthogrammus,['Ferdauia orthogrammus'],['Ferdauia orthogrammus'],[],[],False,0,False,True,
1692681308644.jpg,Rastrelliger sp.,['Rastrelliger sp.'],['Rastrelliger sp'],[],[],False,0,False,True,
1692707991167.jpg,Lutjanus timoriensis,['Lutjanus timoriensis'],['Lutjanus timoriensis'],[],[],False,0,False,True,
1692758040681.jpg,Caranx tille,['Caranx tille'],['Caranx tille'],"['Scomberoides tol', 'Scomberoides tol']","['Scomberoides tol', 'Scomberoides tol']",False,2,True,False,
1692758238770.jpg,Rastrelliger faughni,['Rastrelliger faughni'],['Rastrelliger faughni'],[],[],False,0,False,True,
1692758402618.jpg,Rastrelliger faughni,['Rastrelliger faughni'],['Rastrelliger faughni'],[],[],False,0,False,True,
1692758691864.jpg,Rastrelliger faughni,['Rastrelliger faughni'],['Rastrelliger faughni'],[],[],False,0,False,True,
1692758960637.jpg,Rastrelliger faughni,['Rastrelliger faughni'],['Rastrelliger faughni'],[],[],False,0,False,True,
1692759080987.jpg,Rastrelliger faughni,['Rastrelliger faughni'],['Rastrelliger faughni'],[],[],False,0,False,True,
1692957477379.jpg,Lutjanus timoriensis,['Lutjanus timoriensis'],['Lutjanus timoriensis'],[],[],False,0,False,True,
1693045374365.jpg,Decapterus,['Decapterus'],['Decapterus'],[],[],False,0,False,True,
1693045467355.jpg,Decapterus,['Decapterus'],['Decapterus'],[],[],False,0,False,True,
1693045597639.jpg,Lutjanus gibbus,['Lutjanus gibbus'],['Lutjanus gibbus'],['Nan'],['Nan'],False,1,False,False,
1693045767461.jpg,Decapterus macarellus,['Decapterus macarellus'],['Decapterus macarellus'],"['Chirocentrus dorab', 'Chirocentrus dorab', 'Chirocentrus dorab', 'Scomberoides tol', 'Chirocentrus dorab']","['Chirocentrus dorab', 'Chirocentrus dorab', 'Chirocentrus dorab', 'Scomberoides tol', 'Chirocentrus dorab']",False,5,True,False,
1693045954991.jpg,Decapterus macarellus,['Decapterus macarellus'],['Decapterus macarellus'],"['Scomberomorus commerson', 'Scomberomorus commerson', 'Scomberomorus commerson', 'Acanthocybium solandri']","['Scomberomorus commerson', 'Scomberomorus commerson', 'Scomberomorus commerson', 'Acanthocybium solandri']",False,4,True,False,
1693046054194.jpg,Caranx melampygus,['Caranx melampygus'],['Caranx melampygus'],"['Nan', 'Nan']","['Nan', 'Nan']",False,2,True,False,
1693046054194.jpg,Caranx sexfasciatus,['Caranx sexfasciatus'],['Caranx sexfasciatus'],"['Nan', 'Nan']","['Nan', 'Nan']",False,2,True,False,
1693046250037.jpg,Caranx melampygus,['Caranx melampygus'],['Caranx melampygus'],"['Scomberomorus commerson', 'Scomberomorus commerson']","['Scomberomorus commerson', 'Scomberomorus commerson']",False,2,True,False,
1693046250037.jpg,Caranx sexfasciatus,['Caranx sexfasciatus'],['Caranx sexfasciatus'],"['Scomberomorus commerson', 'Scomberomorus commerson']","['Scomberomorus commerson', 'Scomberomorus commerson']",False,2,True,False,
1693046392880.jpg,Lethrinus erythracanthus,['Lethrinus erythracanthus'],['Lethrinus erythracanthus'],['Nan'],['Nan'],False,1,False,False,
1693046470745.jpg,Lutjanus gibbus,['Lutjanus gibbus'],['Lutjanus gibbus'],['Nan'],['Nan'],False,1,False,False,
1693046578401.jpg,Decapterus macarellus,['Decapterus macarellus'],['Decapterus macarellus'],"['Scomberomorus commerson', 'Scomberomorus commerson', 'Scomberomorus commerson', 'Chirocentrus dorab']","['Scomberomorus commerson', 'Scomberomorus commerson', 'Scomberomorus commerson', 'Chirocentrus dorab']",False,4,True,False,
1693046853848.jpg,Lutjanus gibbus,['Lutjanus gibbus'],['Lutjanus gibbus'],['Nan'],['Nan'],False,1,False,False,
1693047117919.jpg,Decapterus,['Decapterus'],['Decapterus'],[],[],False,0,False,True,
1693362996059.jpg,Caranx tille,['Caranx tille'],['Caranx tille'],['Alectis ciliaris'],['Alectis ciliaris'],False,1,False,False,
1693363143543.jpg,Caranx tille,['Caranx tille'],['Caranx tille'],['Alectis ciliaris'],['Alectis ciliaris'],False,1,False,False,
1693363266446.jpg,Caranx tille,['Caranx tille'],['Caranx tille'],['Aurigequula fasciata'],['Aurigequula fasciata'],False,1,False,False,
1693363286236.jpg,Caranx tille,['Caranx tille'],['Caranx tille'],"['Lutjanus johnii', 'Lutjanus johnii']","['Lutjanus johnii', 'Lutjanus johnii']",False,2,True,False,
1693380316797.jpg,Caranx tille,['Caranx tille'],['Caranx tille'],['Nan'],['Nan'],False,1,False,False,
1693380335318.jpg,Caranx tille,['Caranx tille'],['Caranx tille'],['Aurigequula fasciata'],['Aurigequula fasciata'],False,1,False,False,
1693380383471.jpg,Lutjanus timoriensis,['Lutjanus timoriensis'],['Lutjanus timoriensis'],[],[],False,0,False,True,
1693444829209.jpg,Caranx tille,['Caranx tille'],['Caranx tille'],['Nan'],['Nan'],False,1,False,False,
1693444852155.jpg,Caranx tille,['Caranx tille'],['Caranx tille'],['Caranx ignobilis'],['Caranx ignobilis'],False,1,False,False,
1693444866750.jpg,Caranx tille,['Caranx tille'],['Caranx tille'],['Caranx ignobilis'],['Caranx ignobilis'],False,1,False,False,
1693444885638.jpg,Scomberomorus commerson,['Scomberomorus commerson'],['Scomberomorus commerson'],['Chirocentrus dorab'],['Chirocentrus dorab'],False,1,False,False,
1693450035269.jpg,Caranx tille,['Caranx tille'],['Caranx tille'],['Alectis ciliaris'],['Alectis ciliaris'],False,1,False,False,
1693450405580.jpg,Caranx tille,['Caranx tille'],['Caranx tille'],['Alectis ciliaris'],['Alectis ciliaris'],False,1,False,False,
1693450516450.jpg,Caranx tille,['Caranx tille'],['Caranx tille'],['Chirocentrus dorab'],['Chirocentrus dorab'],False,1,False,False,
1693450624018.jpg,Caranx sexfasciatus,['Caranx sexfasciatus'],['Caranx sexfasciatus'],['Scomberomorus commerson'],['Scomberomorus commerson'],False,1,False,False,
1693450752836.jpg,Caranx,['Caranx'],['Caranx'],[],[],False,0,False,True,
1693535715149.jpg,Caranx sexfasciatus,['Caranx sexfasciatus'],['Caranx sexfasciatus'],['Alectis ciliaris'],['Alectis ciliaris'],False,1,False,False,
1693546581340.jpg,Caranx melampygus,['Caranx melampygus'],['Caranx melampygus'],"['Alectis ciliaris', 'Caranx ignobilis']","['Alectis ciliaris', 'Caranx ignobilis']",False,2,True,False,
1693546616778.jpg,Lutjanus timoriensis,['Lutjanus timoriensis'],['Lutjanus timoriensis'],[],[],False,0,False,True,
1693546643536.jpg,Etelis carbunculus,['Etelis carbunculus'],['Etelis carbunculus'],['Chirocentrus dorab'],['Chirocentrus dorab'],False,1,False,False,
1693546778635.jpg,Seriola dumerili,['Seriola dumerili'],['Seriola dumerili'],['Nan'],['Nan'],False,1,False,False,
1693549450702.jpg,Caranx sp.,['Caranx sp.'],['Caranx sp'],[],[],False,0,False,True,
1693549503904.jpg,Lutjanidae,['Lutjanidae'],['Lutjanidae'],[],[],False,0,False,True,
1693549640994.jpg,Caranx melampygus,['Caranx melampygus'],['Caranx melampygus'],['Aurigequula fasciata'],['Aurigequula fasciata'],False,1,False,False,
1693623926007.jpg,Decapterus macrosoma,['Decapterus macrosoma'],['Decapterus macrosoma'],['Chirocentrus dorab'],['Chirocentrus dorab'],False,1,False,False,
1693652276403.jpg,Decapterus macarellus,['Decapterus macarellus'],['Decapterus macarellus'],"['Scomberomorus commerson', 'Scomberomorus commerson', 'Scomberomorus commerson', 'Scomberomorus commerson', 'Chirocentrus dorab', 'Scomberomorus commerson']","['Scomberomorus commerson', 'Scomberomorus commerson', 'Scomberomorus commerson', 'Scomberomorus commerson', 'Chirocentrus dorab', 'Scomberomorus commerson']",False,6,True,False,
1693652475694.jpg,Decapterus,['Decapterus'],['Decapterus'],[],[],False,0,False,True,
1693652645229.jpg,Decapterus,['Decapterus'],['Decapterus'],[],[],False,0,False,True,
1693652905382.jpg,Decapterus macrosoma,['Decapterus macrosoma'],['Decapterus macrosoma'],['Chirocentrus dorab'],['Chirocentrus dorab'],False,1,False,False,
1693692285540.jpg,Lutjanidae,['Lutjanidae'],['Lutjanidae'],[],[],False,0,False,True,
1693692375798.jpg,Lutjanidae,['Lutjanidae'],['Lutjanidae'],[],[],False,0,False,True,
1693804607144.jpg,Rastrelliger faughni,['Rastrelliger faughni'],['Rastrelliger faughni'],[],[],False,0,False,True,
1693804799042.jpg,Rastrelliger faughni,['Rastrelliger faughni'],['Rastrelliger faughni'],[],[],False,0,False,True,
1693910106073.jpg,Pseudobalistes flavimarginatus,['Pseudobalistes flavimarginatus'],['Pseudobalistes flavimarginatus'],['Nan'],['Nan'],False,1,False,False,
1694250046822.jpg,Decapterus,['Decapterus'],['Decapterus'],[],[],False,0,False,True,
1694250178398.jpg,Decapterus,['Decapterus'],['Decapterus'],[],[],False,0,False,True,
1694250315087.jpg,Decapterus,['Decapterus'],['Decapterus'],[],[],False,0,False,True,
1694250471307.jpg,Decapterus,['Decapterus'],['Decapterus'],[],[],False,0,False,True,
1694345936630.jpg,Rastrelliger faughni,['Rastrelliger faughni'],['Rastrelliger faughni'],[],[],False,0,False,True,
1694346646225.jpg,Caranx sexfasciatus,['Caranx sexfasciatus'],['Caranx sexfasciatus'],['Scomberomorus commerson'],['Scomberomorus commerson'],False,1,False,False,
1694346888884.jpg,Lutjanus timoriensis,['Lutjanus timoriensis'],['Lutjanus timoriensis'],[],[],False,0,False,True,
1694395311426.jpg,Lutjanidae,['Lutjanidae'],['Lutjanidae'],[],[],False,0,False,True,
1694483777242.jpg,Sargocentron sp.,['Sargocentron sp.'],['Sargocentron sp'],"['Nan', 'Nan']","['Nan', 'Nan']",False,2,True,False,
1694483777242.jpg,Lethrinus ornatus,['Lethrinus ornatus'],['Lethrinus ornatus'],"['Nan', 'Nan']","['Nan', 'Nan']",False,2,True,False,
1694483777242.jpg,Scolopsis vosmeri,['Scolopsis vosmeri'],['Scolopsis vosmeri'],"['Nan', 'Nan']","['Nan', 'Nan']",False,2,True,False,
1694517843476.jpg,Rastrelliger faughni,['Rastrelliger faughni'],['Rastrelliger faughni'],[],[],False,0,False,True,
1694518149686.jpg,Rastrelliger faughni,['Rastrelliger faughni'],['Rastrelliger faughni'],[],[],False,0,False,True,
1694518497934.jpg,Psettodes erumei,['Psettodes erumei'],['Psettodes erumei'],['Pomadasys argenteus'],['Pomadasys argenteus'],False,1,False,False,
1694518805523.jpg,Rastrelliger faughni,['Rastrelliger faughni'],['Rastrelliger faughni'],[],[],False,0,False,True,
1694519053816.jpg,Rastrelliger faughni,['Rastrelliger faughni'],['Rastrelliger faughni'],[],[],False,0,False,True,
1694519325409.jpg,Rastrelliger faughni,['Rastrelliger faughni'],['Rastrelliger faughni'],[],[],False,0,False,True,
1694519550447.jpg,Rastrelliger faughni,['Rastrelliger faughni'],['Rastrelliger faughni'],[],[],False,0,False,True,
1694525455257.jpg,Amblygaster sirm,['Amblygaster sirm'],['Amblygaster sirm'],['Decapterus macarellus'],['Decapterus macarellus'],False,1,False,False,
1694865432434.jpg,Decapterus,['Decapterus'],['Decapterus'],[],[],False,0,False,True,
1694865584195.jpg,Decapterus,['Decapterus'],['Decapterus'],[],[],False,0,False,True,
1694865793188.jpg,Lutjanus bohar,['Lutjanus bohar'],['Lutjanus bohar'],['Nan'],['Nan'],False,1,False,False,
1694865875358.jpg,Decapterus,['Decapterus'],['Decapterus'],[],[],False,0,False,True,
1694865995188.jpg,Rastrelliger sp.,['Rastrelliger sp.'],['Rastrelliger sp'],[],[],False,0,False,True,
1694866225205.jpg,Decapterus,['Decapterus'],['Decapterus'],[],[],False,0,False,True,
1694866340380.jpg,Decapterus,['Decapterus'],['Decapterus'],[],[],False,0,False,True,
1694866418935.jpg,Decapterus,['Decapterus'],['Decapterus'],[],[],False,0,False,True,
1694866546072.jpg,Decapterus,['Decapterus'],['Decapterus'],[],[],False,0,False,True,
1694866678060.jpg,Decapterus,['Decapterus'],['Decapterus'],[],[],False,0,False,True,
1694866799116.jpg,Decapterus,['Decapterus'],['Decapterus'],[],[],False,0,False,True,
1694866944485.jpg,Decapterus,['Decapterus'],['Decapterus'],[],[],False,0,False,True,
1694867054135.jpg,Decapterus,['Decapterus'],['Decapterus'],[],[],False,0,False,True,
1694867305294.jpg,Decapterus macarellus,['Decapterus macarellus'],['Decapterus macarellus'],['Chirocentrus dorab'],['Chirocentrus dorab'],False,1,False,False,
1694867312901.jpg,Decapterus macarellus,['Decapterus macarellus'],['Decapterus macarellus'],['Chirocentrus dorab'],['Chirocentrus dorab'],False,1,False,False,
1694867379954.jpg,Decapterus,['Decapterus'],['Decapterus'],[],[],False,0,False,True,
1694994261005.jpg,Rastrelliger faughni,['Rastrelliger faughni'],['Rastrelliger faughni'],[],[],False,0,False,True,
1694994500760.jpg,Rastrelliger faughni,['Rastrelliger faughni'],['Rastrelliger faughni'],[],[],False,0,False,True,
1694994846585.jpg,Rastrelliger faughni,['Rastrelliger faughni'],['Rastrelliger faughni'],[],[],False,0,False,True,
1694995031957.jpg,Rastrelliger faughni,['Rastrelliger faughni'],['Rastrelliger faughni'],[],[],False,0,False,True,
1694995219173.jpg,Rastrelliger faughni,['Rastrelliger faughni'],['Rastrelliger faughni'],[],[],False,0,False,True,
1694995381857.jpg,Rastrelliger faughni,['Rastrelliger faughni'],['Rastrelliger faughni'],[],[],False,0,False,True,
1694995586190.jpg,Rastrelliger faughni,['Rastrelliger faughni'],['Rastrelliger faughni'],[],[],False,0,False,True,
1694995756015.jpg,Rastrelliger faughni,['Rastrelliger faughni'],['Rastrelliger faughni'],[],[],False,0,False,True,
1694995964070.jpg,Rastrelliger faughni,['Rastrelliger faughni'],['Rastrelliger faughni'],[],[],False,0,False,True,
1694996345609.jpg,Rastrelliger faughni,['Rastrelliger faughni'],['Rastrelliger faughni'],[],[],False,0,False,True,
1695177444357.jpg,Rastrelliger faughni,['Rastrelliger faughni'],['Rastrelliger faughni'],[],[],False,0,False,True,
1695258652931.jpg,Caranx tille,['Caranx tille'],['Caranx tille'],"['Caranx ignobilis', 'Scomberoides tol']","['Caranx ignobilis', 'Scomberoides tol']",False,2,True,False,
1695258772293.jpg,Caranx sexfasciatus,['Caranx sexfasciatus'],['Caranx sexfasciatus'],['Nan'],['Nan'],False,1,False,False,
1695262924159.jpg,Rastrelliger faughni,['Rastrelliger faughni'],['Rastrelliger faughni'],[],[],False,0,False,True,
1695263010071.jpg,Caranx tille,['Caranx tille'],['Caranx tille'],['Pomadasys argenteus'],['Pomadasys argenteus'],False,1,False,False,
1695267680911.jpg,Caranx melampygus,['Caranx melampygus'],['Caranx melampygus'],['Nan'],['Nan'],False,1,False,False,
1695347339895.jpg,Rastrelliger faughni,['Rastrelliger faughni'],['Rastrelliger faughni'],[],[],False,0,False,True,
1695347494081.jpg,Rastrelliger faughni,['Rastrelliger faughni'],['Rastrelliger faughni'],[],[],False,0,False,True,
1695347606831.jpg,Rastrelliger faughni,['Rastrelliger faughni'],['Rastrelliger faughni'],[],[],False,0,False,True,
1695388917511.jpg,Katsuwonus pelamis,['Katsuwonus pelamis'],['Katsuwonus pelamis'],['Nan'],['Nan'],False,1,False,False,
1695389182703.jpg,Katsuwonus pelamis,['Katsuwonus pelamis'],['Katsuwonus pelamis'],"['Chirocentrus dorab', 'Alectis ciliaris', 'Caranx melampygus']","['Chirocentrus dorab', 'Alectis ciliaris', 'Caranx melampygus']",False,3,True,False,
1695389254664.jpg,Katsuwonus pelamis,['Katsuwonus pelamis'],['Katsuwonus pelamis'],"['Chirocentrus dorab', 'Alectis ciliaris', 'Caranx melampygus']","['Chirocentrus dorab', 'Alectis ciliaris', 'Caranx melampygus']",False,3,True,False,
1695389712651.jpg,Elagatis bipinnulata,['Elagatis bipinnulata'],['Elagatis bipinnulata'],['Nan'],['Nan'],False,1,False,False,
1695389756695.jpg,Elagatis bipinnulata,['Elagatis bipinnulata'],['Elagatis bipinnulata'],"['Nan', 'Nan']","['Nan', 'Nan']",False,2,True,False,
1695389756695.jpg,Variola albimarginata,['Variola albimarginata'],['Variola albimarginata'],"['Nan', 'Nan']","['Nan', 'Nan']",False,2,True,False,
1695390143732.jpg,Katsuwonus pelamis,['Katsuwonus pelamis'],['Katsuwonus pelamis'],['Nan'],['Nan'],False,1,False,False,
1695390161790.jpg,Katsuwonus pelamis,['Katsuwonus pelamis'],['Katsuwonus pelamis'],['Nan'],['Nan'],False,1,False,False,
1695390184818.jpg,Katsuwonus pelamis,['Katsuwonus pelamis'],['Katsuwonus pelamis'],['Nan'],['Nan'],False,1,False,False,
1695511150791.jpg,Caranx melampygus,['Caranx melampygus'],['Caranx melampygus'],"['Lujanus gibbus', 'Gazza minuta']","['Lujanus gibbus', 'Gazza minuta']",False,2,True,False,
1695511964208.jpg,Caranx melampygus,['Caranx melampygus'],['Caranx melampygus'],['Nan'],['Nan'],False,1,False,False,
1695515249310.jpg,Epinephelus maculatus,['Epinephelus maculatus'],['Epinephelus maculatus'],"['Pomadasys argenteus', 'Pomadasys argenteus', 'Pomadasys argenteus', 'Pomadasys argenteus', 'Pomadasys argenteus', 'Pomadasys argenteus']","['Pomadasys argenteus', 'Pomadasys argenteus', 'Pomadasys argenteus', 'Pomadasys argenteus', 'Pomadasys argenteus', 'Pomadasys argenteus']",False,6,True,False,
1695515249310.jpg,Lethrinus ornatus,['Lethrinus ornatus'],['Lethrinus ornatus'],"['Pomadasys argenteus', 'Pomadasys argenteus', 'Pomadasys argenteus', 'Pomadasys argenteus', 'Pomadasys argenteus', 'Pomadasys argenteus']","['Pomadasys argenteus', 'Pomadasys argenteus', 'Pomadasys argenteus', 'Pomadasys argenteus', 'Pomadasys argenteus', 'Pomadasys argenteus']",False,6,True,False,
1695515249310.jpg,Lutjanus rufolineatus,['Lutjanus rufolineatus'],['Lutjanus rufolineatus'],"['Pomadasys argenteus', 'Pomadasys argenteus', 'Pomadasys argenteus', 'Pomadasys argenteus', 'Pomadasys argenteus', 'Pomadasys argenteus']","['Pomadasys argenteus', 'Pomadasys argenteus', 'Pomadasys argenteus', 'Pomadasys argenteus', 'Pomadasys argenteus', 'Pomadasys argenteus']",False,6,True,False,
1695515493186.jpg,Pomadasys argenteus,['Pomadasys argenteus'],['Pomadasys argenteus'],"['Pomadasys argenteus', 'Pomadasys argenteus']","['Pomadasys argenteus', 'Pomadasys argenteus']",True,2,True,False,Pomadasys argenteus
1695515552621.jpg,Pomadasys argenteus,['Pomadasys argenteus'],['Pomadasys argenteus'],"['Pomadasys argenteus', 'Pomadasys argenteus']","['Pomadasys argenteus', 'Pomadasys argenteus']",True,2,True,False,Pomadasys argenteus
1695521758525.jpg,Caranx melampygus,['Caranx melampygus'],['Caranx melampygus'],"['Gazza minuta', 'Gazza minuta', 'Lujanus gibbus', 'Scomberoides tol', 'Lutjanus fulvus', 'Scomberoides tol', 'Lutjanus fulvus', 'Lutjanus fulviflamma']","['Gazza minuta', 'Gazza minuta', 'Lujanus gibbus', 'Scomberoides tol', 'Lutjanus fulvus', 'Scomberoides tol', 'Lutjanus fulvus', 'Lutjanus fulviflamma']",False,8,True,False,
1695523980746.jpg,Decapterus,['Decapterus'],['Decapterus'],[],[],False,0,False,True,
1695524131850.jpg,Decapterus,['Decapterus'],['Decapterus'],[],[],False,0,False,True,
1695524313935.jpg,Decapterus,['Decapterus'],['Decapterus'],[],[],False,0,False,True,
1695524368541.jpg,Decapterus,['Decapterus'],['Decapterus'],[],[],False,0,False,True,
1695524464727.jpg,Decapterus,['Decapterus'],['Decapterus'],[],[],False,0,False,True,
1695524715729.jpg,Decapterus,['Decapterus'],['Decapterus'],[],[],False,0,False,True,
1695524949599.jpg,Decapterus,['Decapterus'],['Decapterus'],[],[],False,0,False,True,
1695525108152.jpg,Decapterus,['Decapterus'],['Decapterus'],[],[],False,0,False,True,
1695525244927.jpg,Decapterus,['Decapterus'],['Decapterus'],[],[],False,0,False,True,
1695525435190.jpg,Decapterus,['Decapterus'],['Decapterus'],[],[],False,0,False,True,
1695525592641.jpg,Decapterus,['Decapterus'],['Decapterus'],[],[],False,0,False,True,
1695525789188.jpg,Decapterus,['Decapterus'],['Decapterus'],[],[],False,0,False,True,
1695525927173.jpg,Decapterus,['Decapterus'],['Decapterus'],[],[],False,0,False,True,
1695526167301.jpg,Decapterus,['Decapterus'],['Decapterus'],[],[],False,0,False,True,
1695605303394.jpg,Rastrelliger faughni,['Rastrelliger faughni'],['Rastrelliger faughni'],[],[],False,0,False,True,
1695605918503.jpg,Rastrelliger faughni,['Rastrelliger faughni'],['Rastrelliger faughni'],[],[],False,0,False,True,
1695606101336.jpg,Rastrelliger faughni,['Rastrelliger faughni'],['Rastrelliger faughni'],[],[],False,0,False,True,
1695606256731.jpg,Rastrelliger faughni,['Rastrelliger faughni'],['Rastrelliger faughni'],[],[],False,0,False,True,
1695606366100.jpg,Rastrelliger faughni,['Rastrelliger faughni'],['Rastrelliger faughni'],[],[],False,0,False,True,
1695606504120.jpg,Rastrelliger faughni,['Rastrelliger faughni'],['Rastrelliger faughni'],[],[],False,0,False,True,
1695606664346.jpg,Rastrelliger faughni,['Rastrelliger faughni'],['Rastrelliger faughni'],[],[],False,0,False,True,
1695606825627.jpg,Rastrelliger faughni,['Rastrelliger faughni'],['Rastrelliger faughni'],[],[],False,0,False,True,
1695606965712.jpg,Rastrelliger faughni,['Rastrelliger faughni'],['Rastrelliger faughni'],[],[],False,0,False,True,
1695607188044.jpg,Rastrelliger faughni,['Rastrelliger faughni'],['Rastrelliger faughni'],[],[],False,0,False,True,
1695607313244.jpg,Rastrelliger faughni,['Rastrelliger faughni'],['Rastrelliger faughni'],[],[],False,0,False,True,
1695607693810.jpg,Rastrelliger faughni,['Rastrelliger faughni'],['Rastrelliger faughni'],[],[],False,0,False,True,
1695607890949.jpg,Rastrelliger faughni,['Rastrelliger faughni'],['Rastrelliger faughni'],[],[],False,0,False,True,
1695608320319.jpg,Rastrelliger faughni,['Rastrelliger faughni'],['Rastrelliger faughni'],[],[],False,0,False,True,
1695608437275.jpg,Rastrelliger faughni,['Rastrelliger faughni'],['Rastrelliger faughni'],[],[],False,0,False,True,
1695608552288.jpg,Rastrelliger faughni,['Rastrelliger faughni'],['Rastrelliger faughni'],[],[],False,0,False,True,
1695609468121.jpg,Rastrelliger faughni,['Rastrelliger faughni'],['Rastrelliger faughni'],[],[],False,0,False,True,
1695609588978.jpg,Rastrelliger faughni,['Rastrelliger faughni'],['Rastrelliger faughni'],[],[],False,0,False,True,
1695610008692.jpg,Rastrelliger faughni,['Rastrelliger faughni'],['Rastrelliger faughni'],[],[],False,0,False,True,
1695691830697.jpg,Lutjanus gibbus,['Lutjanus gibbus'],['Lutjanus gibbus'],['Lutjanus johnii'],['Lutjanus johnii'],False,1,False,False,
1695713427558.jpg,Lutjanus gibbus,['Lutjanus gibbus'],['Lutjanus gibbus'],"['Lutjanus johnii', 'Lutjanus johnii', 'Lutjanus fulvus', 'Lutjanus johnii']","['Lutjanus johnii', 'Lutjanus johnii', 'Lutjanus fulvus', 'Lutjanus johnii']",False,4,True,False,
1695734103683.jpg,Priacanthus sagittarius,['Priacanthus sagittarius'],['Priacanthus sagittarius'],['Nan'],['Nan'],False,1,False,False,
1695734236895.jpg,Ferdauia orthogrammus,['Ferdauia orthogrammus'],['Ferdauia orthogrammus'],[],[],False,0,False,True,
1695734455651.jpg,Lutjanus kasmira,['Lutjanus kasmira'],['Lutjanus kasmira'],"['Mulloidichtys vanicolensis', 'Mulloidichtys vanicolensis']","['Mulloidichtys vanicolensis', 'Mulloidichtys vanicolensis']",False,2,True,False,
1695734906095.jpg,Acanthocybium solandri,['Acanthocybium solandri'],['Acanthocybium solandri'],['Nan'],['Nan'],False,1,False,False,
1695735175273.jpg,Acanthocybium solandri,['Acanthocybium solandri'],['Acanthocybium solandri'],['Nan'],['Nan'],False,1,False,False,
1695735361459.jpg,Lutjanus kasmira,['Lutjanus kasmira'],['Lutjanus kasmira'],['Nan'],['Nan'],False,1,False,False,
1695735670368.jpg,Elagatis bipinnulata,['Elagatis bipinnulata'],['Elagatis bipinnulata'],"['Chirocentrus dorab', 'Chirocentrus dorab']","['Chirocentrus dorab', 'Chirocentrus dorab']",False,2,True,False,
1695735670368.jpg,Acanthocybium solandri,['Acanthocybium solandri'],['Acanthocybium solandri'],"['Chirocentrus dorab', 'Chirocentrus dorab']","['Chirocentrus dorab', 'Chirocentrus dorab']",False,2,True,False,
1695889981671.jpg,Caranx sp.,['Caranx sp.'],['Caranx sp'],[],[],False,0,False,True,
1695890043610.jpg,Lutjanus timoriensis,['Lutjanus timoriensis'],['Lutjanus timoriensis'],[],[],False,0,False,True,
1696333279652.jpg,Lutjanus gibbus,['Lutjanus gibbus'],['Lutjanus gibbus'],"['Parupeneus heptacanthus', 'Lutjanus johnii', 'Upeneus vittatus']","['Parupeneus heptacanthus', 'Lutjanus johnii', 'Upeneus vittatus']",False,3,True,False,
1696334817447.jpg,Rastrelliger faughni,['Rastrelliger faughni'],['Rastrelliger faughni'],[],[],False,0,False,True,
1696334990544.jpg,Rastrelliger faughni,['Rastrelliger faughni'],['Rastrelliger faughni'],[],[],False,0,False,True,
1696335175529.jpg,Rastrelliger faughni,['Rastrelliger faughni'],['Rastrelliger faughni'],[],[],False,0,False,True,
1696335328771.jpg,Rastrelliger faughni,['Rastrelliger faughni'],['Rastrelliger faughni'],[],[],False,0,False,True,
1696335556643.jpg,Rastrelliger faughni,['Rastrelliger faughni'],['Rastrelliger faughni'],[],[],False,0,False,True,
1696335870241.jpg,Lutjanus rivulatus,['Lutjanus rivulatus'],['Lutjanus rivulatus'],"['Scomberomorus commerson', 'Pomadasys kaakan']","['Scomberomorus commerson', 'Pomadasys kaakan']",False,2,True,False,
1696336305945.jpg,Rastrelliger faughni,['Rastrelliger faughni'],['Rastrelliger faughni'],[],[],False,0,False,True,
1696336826285.jpg,Rastrelliger faughni,['Rastrelliger faughni'],['Rastrelliger faughni'],[],[],False,0,False,True,
1696336970431.jpg,Rastrelliger faughni,['Rastrelliger faughni'],['Rastrelliger faughni'],[],[],False,0,False,True,
1696349306135.jpg,Rastrelliger faughni,['Rastrelliger faughni'],['Rastrelliger faughni'],[],[],False,0,False,True,
1696349424212.jpg,Rastrelliger faughni,['Rastrelliger faughni'],['Rastrelliger faughni'],[],[],False,0,False,True,
1696349582563.jpg,Rastrelliger faughni,['Rastrelliger faughni'],['Rastrelliger faughni'],[],[],False,0,False,True,
1696349733556.jpg,Rastrelliger faughni,['Rastrelliger faughni'],['Rastrelliger faughni'],[],[],False,0,False,True,
1696350127110.jpg,Rastrelliger faughni,['Rastrelliger faughni'],['Rastrelliger faughni'],[],[],False,0,False,True,
1696350357169.jpg,Rastrelliger faughni,['Rastrelliger faughni'],['Rastrelliger faughni'],[],[],False,0,False,True,
1696350475666.jpg,Rastrelliger faughni,['Rastrelliger faughni'],['Rastrelliger faughni'],[],[],False,0,False,True,
1696350625070.jpg,Rastrelliger faughni,['Rastrelliger faughni'],['Rastrelliger faughni'],[],[],False,0,False,True,
1696350771421.jpg,Rastrelliger faughni,['Rastrelliger faughni'],['Rastrelliger faughni'],[],[],False,0,False,True,
1696351260259.jpg,Rastrelliger faughni,['Rastrelliger faughni'],['Rastrelliger faughni'],[],[],False,0,False,True,
1696351405758.jpg,Rastrelliger faughni,['Rastrelliger faughni'],['Rastrelliger faughni'],[],[],False,0,False,True,
1696351589953.jpg,Rastrelliger faughni,['Rastrelliger faughni'],['Rastrelliger faughni'],[],[],False,0,False,True,
1696351750231.jpg,Rastrelliger faughni,['Rastrelliger faughni'],['Rastrelliger faughni'],[],[],False,0,False,True,
1696496895174.jpg,Lutjanus gibbus,['Lutjanus gibbus'],['Lutjanus gibbus'],['Pomadasys argenteus'],['Pomadasys argenteus'],False,1,False,False,
1696677986326.jpg,Plectorhinchus vittatus,['Plectorhinchus vittatus'],['Plectorhinchus vittatus'],"['Nan', 'Nan', 'Nan', 'Nan', 'Nan']","['Nan', 'Nan', 'Nan', 'Nan', 'Nan']",False,5,True,False,
1696677986326.jpg,Monotaxis grandoculis,['Monotaxis grandoculis'],['Monotaxis grandoculis'],"['Nan', 'Nan', 'Nan', 'Nan', 'Nan']","['Nan', 'Nan', 'Nan', 'Nan', 'Nan']",False,5,True,False,
1696677986326.jpg,Lutjanus gibbus,['Lutjanus gibbus'],['Lutjanus gibbus'],"['Nan', 'Nan', 'Nan', 'Nan', 'Nan']","['Nan', 'Nan', 'Nan', 'Nan', 'Nan']",False,5,True,False,
1696677986326.jpg,Lutjanus bohar,['Lutjanus bohar'],['Lutjanus bohar'],"['Nan', 'Nan', 'Nan', 'Nan', 'Nan']","['Nan', 'Nan', 'Nan', 'Nan', 'Nan']",False,5,True,False,
1696677986326.jpg,Scarus quoyi,['Scarus quoyi'],['Scarus quoyi'],"['Nan', 'Nan', 'Nan', 'Nan', 'Nan']","['Nan', 'Nan', 'Nan', 'Nan', 'Nan']",False,5,True,False,
1696678088351.jpg,Decapterus,['Decapterus'],['Decapterus'],[],[],False,0,False,True,
1696900347498.jpg,Priacanthus sagittarius,['Priacanthus sagittarius'],['Priacanthus sagittarius'],['Gymnocranius grandoculis'],['Gymnocranius grandoculis'],False,1,False,False,
1696944819746.jpg,Decapterus,['Decapterus'],['Decapterus'],[],[],False,0,False,True,
1696945542849.jpg,Lutjanus gibbus,['Lutjanus gibbus'],['Lutjanus gibbus'],['Nan'],['Nan'],False,1,False,False,
1696946750249.jpg,Lutjanus gibbus,['Lutjanus gibbus'],['Lutjanus gibbus'],['Lutjanus johnii'],['Lutjanus johnii'],False,1,False,False,
1696947165191.jpg,Decapterus,['Decapterus'],['Decapterus'],[],[],False,0,False,True,
1696947493558.jpg,Plectorhinchus vittatus,['Plectorhinchus vittatus'],['Plectorhinchus vittatus'],"['Nan', 'Nan', 'Nan', 'Nan', 'Nan']","['Nan', 'Nan', 'Nan', 'Nan', 'Nan']",False,5,True,False,
1696947493558.jpg,Monotaxis grandoculis,['Monotaxis grandoculis'],['Monotaxis grandoculis'],"['Nan', 'Nan', 'Nan', 'Nan', 'Nan']","['Nan', 'Nan', 'Nan', 'Nan', 'Nan']",False,5,True,False,
1696947493558.jpg,Lutjanus gibbus,['Lutjanus gibbus'],['Lutjanus gibbus'],"['Nan', 'Nan', 'Nan', 'Nan', 'Nan']","['Nan', 'Nan', 'Nan', 'Nan', 'Nan']",False,5,True,False,
1696947493558.jpg,Lutjanus bohar,['Lutjanus bohar'],['Lutjanus bohar'],"['Nan', 'Nan', 'Nan', 'Nan', 'Nan']","['Nan', 'Nan', 'Nan', 'Nan', 'Nan']",False,5,True,False,
1696947493558.jpg,Scarus quoyi,['Scarus quoyi'],['Scarus quoyi'],"['Nan', 'Nan', 'Nan', 'Nan', 'Nan']","['Nan', 'Nan', 'Nan', 'Nan', 'Nan']",False,5,True,False,
1696975159460.jpg,Atropus hedlandensis,['Atropus hedlandensis'],['Atropus hedlandensis'],[],[],False,0,False,True,
1697005652932.jpg,Lutjanus gibbus,['Lutjanus gibbus'],['Lutjanus gibbus'],['Lujanus gibbus'],['Lujanus gibbus'],False,1,False,False,
1697008310122.jpg,Rastrelliger faughni,['Rastrelliger faughni'],['Rastrelliger faughni'],[],[],False,0,False,True,
1697008424903.jpg,Rastrelliger faughni,['Rastrelliger faughni'],['Rastrelliger faughni'],[],[],False,0,False,True,
1697008559733.jpg,Rastrelliger faughni,['Rastrelliger faughni'],['Rastrelliger faughni'],[],[],False,0,False,True,
1697008696214.jpg,Rastrelliger faughni,['Rastrelliger faughni'],['Rastrelliger faughni'],[],[],False,0,False,True,
1697008872066.jpg,Rastrelliger faughni,['Rastrelliger faughni'],['Rastrelliger faughni'],[],[],False,0,False,True,
1697008997325.jpg,Rastrelliger faughni,['Rastrelliger faughni'],['Rastrelliger faughni'],[],[],False,0,False,True,
1697009120728.jpg,Rastrelliger faughni,['Rastrelliger faughni'],['Rastrelliger faughni'],[],[],False,0,False,True,
1697009354475.jpg,Lutjanus timoriensis,['Lutjanus timoriensis'],['Lutjanus timoriensis'],[],[],False,0,False,True,
1697010011947.jpg,Rastrelliger faughni,['Rastrelliger faughni'],['Rastrelliger faughni'],[],[],False,0,False,True,
1697010285031.jpg,Rastrelliger faughni,['Rastrelliger faughni'],['Rastrelliger faughni'],[],[],False,0,False,True,
1697010519727.jpg,Rastrelliger faughni,['Rastrelliger faughni'],['Rastrelliger faughni'],[],[],False,0,False,True,
1697010745727.jpg,Rastrelliger faughni,['Rastrelliger faughni'],['Rastrelliger faughni'],[],[],False,0,False,True,
1697010865270.jpg,Rastrelliger faughni,['Rastrelliger faughni'],['Rastrelliger faughni'],[],[],False,0,False,True,
1697011014595.jpg,Rastrelliger faughni,['Rastrelliger faughni'],['Rastrelliger faughni'],[],[],False,0,False,True,
1697011140237.jpg,Rastrelliger faughni,['Rastrelliger faughni'],['Rastrelliger faughni'],[],[],False,0,False,True,
1697011438775.jpg,Lutjanus timoriensis,['Lutjanus timoriensis'],['Lutjanus timoriensis'],[],[],False,0,False,True,
1697011874963.jpg,Rastrelliger faughni,['Rastrelliger faughni'],['Rastrelliger faughni'],[],[],False,0,False,True,
1697012019455.jpg,Rastrelliger faughni,['Rastrelliger faughni'],['Rastrelliger faughni'],[],[],False,0,False,True,
1697012282287.jpg,Rastrelliger faughni,['Rastrelliger faughni'],['Rastrelliger faughni'],[],[],False,0,False,True,
1697012535972.jpg,Lutjanus timoriensis,['Lutjanus timoriensis'],['Lutjanus timoriensis'],[],[],False,0,False,True,
1697012766699.jpg,Lutjanus gibbus,['Lutjanus gibbus'],['Lutjanus gibbus'],['Parupeneus heptacanthus'],['Parupeneus heptacanthus'],False,1,False,False,
1697012938167.jpg,Rastrelliger faughni,['Rastrelliger faughni'],['Rastrelliger faughni'],[],[],False,0,False,True,
1697013109358.jpg,Rastrelliger faughni,['Rastrelliger faughni'],['Rastrelliger faughni'],[],[],False,0,False,True,
1697067818820.jpg,Lutjanidae,['Lutjanidae'],['Lutjanidae'],[],[],False,0,False,True,
1697067858975.jpg,Lutjanidae,['Lutjanidae'],['Lutjanidae'],[],[],False,0,False,True,
1697067985675.jpg,Carangidae,['Carangidae'],['Carangidae'],[],[],False,0,False,True,
1697114382541.jpg,Caranx melampygus,['Caranx melampygus'],['Caranx melampygus'],['Nan'],['Nan'],False,1,False,False,
1697114451439.jpg,Lutjanus gibbus,['Lutjanus gibbus'],['Lutjanus gibbus'],"['Lutjanus fulvus', 'Lujanus gibbus', 'Lutjanus fulvus']","['Lutjanus fulvus', 'Lujanus gibbus', 'Lutjanus fulvus']",False,3,True,False,
1697114533401.jpg,Lutjanus gibbus,['Lutjanus gibbus'],['Lutjanus gibbus'],['Nan'],['Nan'],False,1,False,False,
1697115180424.jpg,Lutjanus gibbus,['Lutjanus gibbus'],['Lutjanus gibbus'],"['Lutjanus fulvus', 'Lutjanus fulvus']","['Lutjanus fulvus', 'Lutjanus fulvus']",False,2,True,False,
1697115186816.jpg,Lutjanus gibbus,['Lutjanus gibbus'],['Lutjanus gibbus'],"['Upeneus vittatus', 'Scomberoides tol', 'Scomberoides tol', 'Scomberoides tol', 'Lutjanus fulvus', 'Upeneus vittatus']","['Upeneus vittatus', 'Scomberoides tol', 'Scomberoides tol', 'Scomberoides tol', 'Lutjanus fulvus', 'Upeneus vittatus']",False,6,True,False,
1697115495415.jpg,Lutjanus gibbus,['Lutjanus gibbus'],['Lutjanus gibbus'],"['Lutjanus fulvus', 'Lutjanus fulvus', 'Lutjanus fulvus', 'Lutjanus fulvus', 'Lutjanus fulvus', 'Lutjanus fulvus', 'Lutjanus fulvus', 'Lutjanus fulvus']","['Lutjanus fulvus', 'Lutjanus fulvus', 'Lutjanus fulvus', 'Lutjanus fulvus', 'Lutjanus fulvus', 'Lutjanus fulvus', 'Lutjanus fulvus', 'Lutjanus fulvus']",False,8,True,False,
1697115710031.jpg,Lutjanus gibbus,['Lutjanus gibbus'],['Lutjanus gibbus'],"['Lutjanus fulvus', 'Lutjanus fulvus', 'Lutjanus fulvus', 'Lutjanus fulvus', 'Lutjanus fulvus', 'Lutjanus johnii', 'Lutjanus johnii']","['Lutjanus fulvus', 'Lutjanus fulvus', 'Lutjanus fulvus', 'Lutjanus fulvus', 'Lutjanus fulvus', 'Lutjanus johnii', 'Lutjanus johnii']",False,7,True,False,
1697167130124.jpg,Rastrelliger faughni,['Rastrelliger faughni'],['Rastrelliger faughni'],[],[],False,0,False,True,
1697167269521.jpg,Lutjanus johnii,['Lutjanus johnii'],['Lutjanus johnii'],['Parupeneus heptacanthus'],['Parupeneus heptacanthus'],False,1,False,False,
1697192142521.jpg,Caranx melampygus,['Caranx melampygus'],['Caranx melampygus'],"['Lutjanus fulvus', 'Lutjanus fulvus']","['Lutjanus fulvus', 'Lutjanus fulvus']",False,2,True,False,
1697192142521.jpg,Lutjanus gibbus,['Lutjanus gibbus'],['Lutjanus gibbus'],"['Lutjanus fulvus', 'Lutjanus fulvus']","['Lutjanus fulvus', 'Lutjanus fulvus']",False,2,True,False,
1697269118542.jpg,Ferdauia orthogrammus,['Ferdauia orthogrammus'],['Ferdauia orthogrammus'],['Aurigequula fasciata'],['Aurigequula fasciata'],False,1,False,False,
1697269118542.jpg,Rastrelliger kanagurta,['Rastrelliger kanagurta'],['Rastrelliger kanagurta'],['Aurigequula fasciata'],['Aurigequula fasciata'],False,1,False,False,
1697269146308.jpg,Scomberoides tol,['Scomberoides tol'],['Scomberoides tol'],"['Lutjanus johnii', 'Chirocentrus dorab', 'Lutjanus johnii', 'Chirocentrus dorab']","['Lutjanus johnii', 'Chirocentrus dorab', 'Lutjanus johnii', 'Chirocentrus dorab']",False,4,True,False,
1697269146308.jpg,Scomberoides lysan,['Scomberoides lysan'],['Scomberoides lysan'],"['Lutjanus johnii', 'Chirocentrus dorab', 'Lutjanus johnii', 'Chirocentrus dorab']","['Lutjanus johnii', 'Chirocentrus dorab', 'Lutjanus johnii', 'Chirocentrus dorab']",False,4,True,False,
1697269169209.jpg,Carangidae,['Carangidae'],['Carangidae'],['Nan'],['Nan'],False,1,False,False,
1697269169209.jpg,Aurigequula fasciata,['Aurigequula fasciata'],['Aurigequula fasciata'],['Nan'],['Nan'],False,1,False,False,
1697269648589.jpg,Tylosurus crocodilus,['Tylosurus crocodilus'],['Tylosurus crocodilus'],[],[],False,0,False,True,
1697271152607.jpg,Caranx sexfasciatus,['Caranx sexfasciatus'],['Caranx sexfasciatus'],"['Caranx ignobilis', 'Caranx ignobilis']","['Caranx ignobilis', 'Caranx ignobilis']",False,2,True,False,
1697271152607.jpg,Caranx melampygus,['Caranx melampygus'],['Caranx melampygus'],"['Caranx ignobilis', 'Caranx ignobilis']","['Caranx ignobilis', 'Caranx ignobilis']",False,2,True,False,
1697271253513.jpg,Ferdauia orthogrammus,['Ferdauia orthogrammus'],['Ferdauia orthogrammus'],['Pomadasys argenteus'],['Pomadasys argenteus'],False,1,False,False,
1697271253513.jpg,Carangoides praeustus,['Carangoides praeustus'],['Carangoides praeustus'],['Pomadasys argenteus'],['Pomadasys argenteus'],False,1,False,False,
1697271878006.jpg,Lethrinus reticulatus,['Lethrinus reticulatus'],['Lethrinus reticulatus'],"['Pomadasys kaakan', 'Pomadasys kaakan']","['Pomadasys kaakan', 'Pomadasys kaakan']",False,2,True,False,
1697271878006.jpg,Lutjanus rufolineatus,['Lutjanus rufolineatus'],['Lutjanus rufolineatus'],"['Pomadasys kaakan', 'Pomadasys kaakan']","['Pomadasys kaakan', 'Pomadasys kaakan']",False,2,True,False,
1697272114334.jpg,Gymnocranius grandoculis,['Gymnocranius grandoculis'],['Gymnocranius grandoculis'],['Gymnocranius grandoculis'],['Gymnocranius grandoculis'],True,1,False,False,Gymnocranius grandoculis
1697272114334.jpg,Parupeneus sp.,['Parupeneus sp.'],['Parupeneus sp'],['Gymnocranius grandoculis'],['Gymnocranius grandoculis'],False,1,False,False,
1697272114334.jpg,Pentapodus sp.,['Pentapodus sp.'],['Pentapodus sp'],['Gymnocranius grandoculis'],['Gymnocranius grandoculis'],False,1,False,False,
1697272709415.jpg,Diodontidae,['Diodontidae'],['Diodontidae'],[],[],False,0,False,True,
1697272745846.jpg,Aurigequula fasciata,['Aurigequula fasciata'],['Aurigequula fasciata'],"['Pomadasys argenteus', 'Aurigequula fasciata', 'Pomadasys argenteus']","['Pomadasys argenteus', 'Aurigequula fasciata', 'Pomadasys argenteus']",True,3,True,False,Aurigequula fasciata
1697272759438.jpg,Leiognathus sp.,['Leiognathus sp.'],['Leiognathus sp'],"['Nan', 'Nan']","['Nan', 'Nan']",False,2,True,False,
1697272759438.jpg,Lutjanus gibbus,['Lutjanus gibbus'],['Lutjanus gibbus'],"['Nan', 'Nan']","['Nan', 'Nan']",False,2,True,False,
1697272759438.jpg,Parupeneus indicus,['Parupeneus indicus'],['Parupeneus indicus'],"['Nan', 'Nan']","['Nan', 'Nan']",False,2,True,False,
1697272759438.jpg,Polydactylus sp.,['Polydactylus sp.'],['Polydactylus sp'],"['Nan', 'Nan']","['Nan', 'Nan']",False,2,True,False,
1697273193293.jpg,Acanthocybium solandri,['Acanthocybium solandri'],['Acanthocybium solandri'],['Nan'],['Nan'],False,1,False,False,
1697278192913.jpg,Decapterus,['Decapterus'],['Decapterus'],[],[],False,0,False,True,
1697278289772.jpg,Decapterus,['Decapterus'],['Decapterus'],[],[],False,0,False,True,
1697278512034.jpg,Decapterus,['Decapterus'],['Decapterus'],[],[],False,0,False,True,
1697278634228.jpg,Decapterus,['Decapterus'],['Decapterus'],[],[],False,0,False,True,
1697278736582.jpg,Decapterus,['Decapterus'],['Decapterus'],[],[],False,0,False,True,
1697278927213.jpg,Decapterus,['Decapterus'],['Decapterus'],[],[],False,0,False,True,
1697279081735.jpg,Decapterus,['Decapterus'],['Decapterus'],[],[],False,0,False,True,
1697279234949.jpg,Decapterus,['Decapterus'],['Decapterus'],[],[],False,0,False,True,
1697285439569.jpg,Plectorhinchus chrysotaenia,['Plectorhinchus chrysotaenia'],['Plectorhinchus chrysotaenia'],[],[],False,0,False,True,
1697288145263.jpg,Decapterus,['Decapterus'],['Decapterus'],[],[],False,0,False,True,
1697288342215.jpg,Decapterus,['Decapterus'],['Decapterus'],[],[],False,0,False,True,
1697288502741.jpg,Decapterus,['Decapterus'],['Decapterus'],[],[],False,0,False,True,
1697288628821.jpg,Decapterus,['Decapterus'],['Decapterus'],[],[],False,0,False,True,
1697288750476.jpg,Decapterus,['Decapterus'],['Decapterus'],[],[],False,0,False,True,
1697495613775.jpg,Rastrelliger faughni,['Rastrelliger faughni'],['Rastrelliger faughni'],[],[],False,0,False,True,
1697505523144.jpg,Lutjanus gibbus,['Lutjanus gibbus'],['Lutjanus gibbus'],['Lujanus gibbus'],['Lujanus gibbus'],False,1,False,False,
1697506247065.jpg,Lutjanus gibbus,['Lutjanus gibbus'],['Lutjanus gibbus'],"['Lutjanus fulvus', 'Lutjanus fulvus', 'Lutjanus fulvus']","['Lutjanus fulvus', 'Lutjanus fulvus', 'Lutjanus fulvus']",False,3,True,False,
1697506294036.jpg,Neoniphon sammara,['Neoniphon sammara'],['Neoniphon sammara'],"['Lutjanus fulviflamma', 'Lutjanus fulviflamma', 'Lutjanus fulviflamma', 'Lutjanus fulviflamma', 'Lutjanus fulviflamma', 'Lutjanus fulviflamma', 'Lutjanus fulviflamma', 'Lutjanus fulviflamma']","['Lutjanus fulviflamma', 'Lutjanus fulviflamma', 'Lutjanus fulviflamma', 'Lutjanus fulviflamma', 'Lutjanus fulviflamma', 'Lutjanus fulviflamma', 'Lutjanus fulviflamma', 'Lutjanus fulviflamma']",False,8,True,False,
1697506294036.jpg,Myripristis sp.,['Myripristis sp.'],['Myripristis sp'],"['Lutjanus fulviflamma', 'Lutjanus fulviflamma', 'Lutjanus fulviflamma', 'Lutjanus fulviflamma', 'Lutjanus fulviflamma', 'Lutjanus fulviflamma', 'Lutjanus fulviflamma', 'Lutjanus fulviflamma']","['Lutjanus fulviflamma', 'Lutjanus fulviflamma', 'Lutjanus fulviflamma', 'Lutjanus fulviflamma', 'Lutjanus fulviflamma', 'Lutjanus fulviflamma', 'Lutjanus fulviflamma', 'Lutjanus fulviflamma']",False,8,True,False,
1697506294036.jpg,Lethrinus ornatus,['Lethrinus ornatus'],['Lethrinus ornatus'],"['Lutjanus fulviflamma', 'Lutjanus fulviflamma', 'Lutjanus fulviflamma', 'Lutjanus fulviflamma', 'Lutjanus fulviflamma', 'Lutjanus fulviflamma', 'Lutjanus fulviflamma', 'Lutjanus fulviflamma']","['Lutjanus fulviflamma', 'Lutjanus fulviflamma', 'Lutjanus fulviflamma', 'Lutjanus fulviflamma', 'Lutjanus fulviflamma', 'Lutjanus fulviflamma', 'Lutjanus fulviflamma', 'Lutjanus fulviflamma']",False,8,True,False,
1697506294036.jpg,Lutjanus gibbus,['Lutjanus gibbus'],['Lutjanus gibbus'],"['Lutjanus fulviflamma', 'Lutjanus fulviflamma', 'Lutjanus fulviflamma', 'Lutjanus fulviflamma', 'Lutjanus fulviflamma', 'Lutjanus fulviflamma', 'Lutjanus fulviflamma', 'Lutjanus fulviflamma']","['Lutjanus fulviflamma', 'Lutjanus fulviflamma', 'Lutjanus fulviflamma', 'Lutjanus fulviflamma', 'Lutjanus fulviflamma', 'Lutjanus fulviflamma', 'Lutjanus fulviflamma', 'Lutjanus fulviflamma']",False,8,True,False,
1697506294036.jpg,Mulloidichthys vanicolensis,['Mulloidichthys vanicolensis'],['Mulloidichthys vanicolensis'],"['Lutjanus fulviflamma', 'Lutjanus fulviflamma', 'Lutjanus fulviflamma', 'Lutjanus fulviflamma', 'Lutjanus fulviflamma', 'Lutjanus fulviflamma', 'Lutjanus fulviflamma', 'Lutjanus fulviflamma']","['Lutjanus fulviflamma', 'Lutjanus fulviflamma', 'Lutjanus fulviflamma', 'Lutjanus fulviflamma', 'Lutjanus fulviflamma', 'Lutjanus fulviflamma', 'Lutjanus fulviflamma', 'Lutjanus fulviflamma']",False,8,True,False,
1697506294036.jpg,Siganus spinus,['Siganus spinus'],['Siganus spinus'],"['Lutjanus fulviflamma', 'Lutjanus fulviflamma', 'Lutjanus fulviflamma', 'Lutjanus fulviflamma', 'Lutjanus fulviflamma', 'Lutjanus fulviflamma', 'Lutjanus fulviflamma', 'Lutjanus fulviflamma']","['Lutjanus fulviflamma', 'Lutjanus fulviflamma', 'Lutjanus fulviflamma', 'Lutjanus fulviflamma', 'Lutjanus fulviflamma', 'Lutjanus fulviflamma', 'Lutjanus fulviflamma', 'Lutjanus fulviflamma']",False,8,True,False,
1697506355974.jpg,Lutjanus gibbus,['Lutjanus gibbus'],['Lutjanus gibbus'],"['Lutjanus fulvus', 'Lutjanus fulvus', 'Lutjanus johnii']","['Lutjanus fulvus', 'Lutjanus fulvus', 'Lutjanus johnii']",False,3,True,False,
1697506406466.jpg,Lutjanus gibbus,['Lutjanus gibbus'],['Lutjanus gibbus'],['Lujanus gibbus'],['Lujanus gibbus'],False,1,False,False,
1697506536349.jpg,Myripristis sp.,['Myripristis sp.'],['Myripristis sp'],['Lutjanus fulvus'],['Lutjanus fulvus'],False,1,False,False,
1697506536349.jpg,Lutjanus gibbus,['Lutjanus gibbus'],['Lutjanus gibbus'],['Lutjanus fulvus'],['Lutjanus fulvus'],False,1,False,False,
1697506536349.jpg,Mulloidichthys vanicolensis,['Mulloidichthys vanicolensis'],['Mulloidichthys vanicolensis'],['Lutjanus fulvus'],['Lutjanus fulvus'],False,1,False,False,
1697506536349.jpg,Scolopsis lineata,['Scolopsis lineata'],['Scolopsis lineata'],['Lutjanus fulvus'],['Lutjanus fulvus'],False,1,False,False,
1697506620470.jpg,Lutjanus gibbus,['Lutjanus gibbus'],['Lutjanus gibbus'],"['Lujanus gibbus', 'Lutjanus fulvus']","['Lujanus gibbus', 'Lutjanus fulvus']",False,2,True,False,
1697506693057.jpg,Lutjanus gibbus,['Lutjanus gibbus'],['Lutjanus gibbus'],"['Lujanus gibbus', 'Lujanus gibbus']","['Lujanus gibbus', 'Lujanus gibbus']",False,2,True,False,
1697698487485.jpg,Lutjanus gibbus,['Lutjanus gibbus'],['Lutjanus gibbus'],['Nan'],['Nan'],False,1,False,False,
1697699933364.jpg,Caranx sexfasciatus,['Caranx sexfasciatus'],['Caranx sexfasciatus'],['Caranx ignobilis'],['Caranx ignobilis'],False,1,False,False,
1697864502865.jpg,Lutjanus gibbus,['Lutjanus gibbus'],['Lutjanus gibbus'],['Nan'],['Nan'],False,1,False,False,
1697864667586.jpg,Lutjanus gibbus,['Lutjanus gibbus'],['Lutjanus gibbus'],"['Lutjanus fulvus', 'Lutjanus fulviflamma', 'Lutjanus fulviflamma', 'Lutjanus johnii']","['Lutjanus fulvus', 'Lutjanus fulviflamma', 'Lutjanus fulviflamma', 'Lutjanus johnii']",False,4,True,False,
1697864792743.jpg,Lutjanus gibbus,['Lutjanus gibbus'],['Lutjanus gibbus'],['Nan'],['Nan'],False,1,False,False,
1697864893088.jpg,Lutjanus gibbus,['Lutjanus gibbus'],['Lutjanus gibbus'],['Lutjanus johnii'],['Lutjanus johnii'],False,1,False,False,
1697865090545.jpg,Lutjanus gibbus,['Lutjanus gibbus'],['Lutjanus gibbus'],['Nan'],['Nan'],False,1,False,False,
1698056471266.jpg,Lethrinus obsoletus,['Lethrinus obsoletus'],['Lethrinus obsoletus'],"['Nan', 'Nan']","['Nan', 'Nan']",False,2,True,False,
1698056471266.jpg,Lutjanus rufolineatus,['Lutjanus rufolineatus'],['Lutjanus rufolineatus'],"['Nan', 'Nan']","['Nan', 'Nan']",False,2,True,False,
1698062202674.jpg,Lutjanus johnii,['Lutjanus johnii'],['Lutjanus johnii'],['Nan'],['Nan'],False,1,False,False,
1698062431562.jpg,Lutjanus johnii,['Lutjanus johnii'],['Lutjanus johnii'],['Parupeneus heptacanthus'],['Parupeneus heptacanthus'],False,1,False,False,
1698062705364.jpg,Rastrelliger faughni,['Rastrelliger faughni'],['Rastrelliger faughni'],[],[],False,0,False,True,
1698064010523.jpg,Lutjanus johnii,['Lutjanus johnii'],['Lutjanus johnii'],"['Lutjanus johnii', 'Chirocentrus dorab']","['Lutjanus johnii', 'Chirocentrus dorab']",True,2,True,False,Lutjanus johnii
1698064663775.jpg,Rastrelliger faughni,['Rastrelliger faughni'],['Rastrelliger faughni'],[],[],False,0,False,True,
1698065136958.jpg,Rastrelliger faughni,['Rastrelliger faughni'],['Rastrelliger faughni'],[],[],False,0,False,True,
1698066091237.jpg,Rastrelliger faughni,['Rastrelliger faughni'],['Rastrelliger faughni'],[],[],False,0,False,True,
1698066207646.jpg,Rastrelliger faughni,['Rastrelliger faughni'],['Rastrelliger faughni'],[],[],False,0,False,True,
1698066360724.jpg,Rastrelliger faughni,['Rastrelliger faughni'],['Rastrelliger faughni'],[],[],False,0,False,True,
1698066570159.jpg,Rastrelliger faughni,['Rastrelliger faughni'],['Rastrelliger faughni'],[],[],False,0,False,True,
1698066724988.jpg,Rastrelliger faughni,['Rastrelliger faughni'],['Rastrelliger faughni'],[],[],False,0,False,True,
1698067053752.jpg,Rastrelliger faughni,['Rastrelliger faughni'],['Rastrelliger faughni'],[],[],False,0,False,True,
1698141339810.jpg,Lutjanus bohar,['Lutjanus bohar'],['Lutjanus bohar'],"['Lutjanus johnii', 'Lutjanus johnii', 'Lutjanus johnii', 'Lutjanus johnii', 'Lutjanus johnii', 'Lutjanus johnii']","['Lutjanus johnii', 'Lutjanus johnii', 'Lutjanus johnii', 'Lutjanus johnii', 'Lutjanus johnii', 'Lutjanus johnii']",False,6,True,False,
1698141339810.jpg,Lutjanus rufolineatus,['Lutjanus rufolineatus'],['Lutjanus rufolineatus'],"['Lutjanus johnii', 'Lutjanus johnii', 'Lutjanus johnii', 'Lutjanus johnii', 'Lutjanus johnii', 'Lutjanus johnii']","['Lutjanus johnii', 'Lutjanus johnii', 'Lutjanus johnii', 'Lutjanus johnii', 'Lutjanus johnii', 'Lutjanus johnii']",False,6,True,False,
1698141339810.jpg,Lutjanus gibbus,['Lutjanus gibbus'],['Lutjanus gibbus'],"['Lutjanus johnii', 'Lutjanus johnii', 'Lutjanus johnii', 'Lutjanus johnii', 'Lutjanus johnii', 'Lutjanus johnii']","['Lutjanus johnii', 'Lutjanus johnii', 'Lutjanus johnii', 'Lutjanus johnii', 'Lutjanus johnii', 'Lutjanus johnii']",False,6,True,False,
1698143082765.jpg,Caranx lugubris,['Caranx lugubris'],['Caranx lugubris'],"['Lutjanus johnii', 'Lutjanus johnii', 'Caranx ignobilis', 'Lutjanus johnii', 'Lutjanus johnii', 'Lutjanus johnii', 'Caranx ignobilis', 'Lutjanus johnii']","['Lutjanus johnii', 'Lutjanus johnii', 'Caranx ignobilis', 'Lutjanus johnii', 'Lutjanus johnii', 'Lutjanus johnii', 'Caranx ignobilis', 'Lutjanus johnii']",False,8,True,False,
1698143082765.jpg,Caranx ignobilis,['Caranx ignobilis'],['Caranx ignobilis'],"['Lutjanus johnii', 'Lutjanus johnii', 'Caranx ignobilis', 'Lutjanus johnii', 'Lutjanus johnii', 'Lutjanus johnii', 'Caranx ignobilis', 'Lutjanus johnii']","['Lutjanus johnii', 'Lutjanus johnii', 'Caranx ignobilis', 'Lutjanus johnii', 'Lutjanus johnii', 'Lutjanus johnii', 'Caranx ignobilis', 'Lutjanus johnii']",True,8,True,False,Caranx ignobilis
1698143235892.jpg,Caranx ignobilis,['Caranx ignobilis'],['Caranx ignobilis'],['Nan'],['Nan'],False,1,False,False,
1698239567947.jpg,Caranx sp.,['Caranx sp.'],['Caranx sp'],[],[],False,0,False,True,
1698274064708.jpg,Lutjanus gibbus,['Lutjanus gibbus'],['Lutjanus gibbus'],['Nan'],['Nan'],False,1,False,False,
1698286550777.jpg,Etelis carbunculus,['Etelis carbunculus'],['Etelis carbunculus'],['Alectis ciliaris'],['Alectis ciliaris'],False,1,False,False,
1698286720800.jpg,Rastrelliger sp.,['Rastrelliger sp.'],['Rastrelliger sp'],[],[],False,0,False,True,
1698286874971.jpg,Rastrelliger faughni,['Rastrelliger faughni'],['Rastrelliger faughni'],[],[],False,0,False,True,
1698286993363.jpg,Rastrelliger faughni,['Rastrelliger faughni'],['Rastrelliger faughni'],[],[],False,0,False,True,
1698287131962.jpg,Rastrelliger faughni,['Rastrelliger faughni'],['Rastrelliger faughni'],[],[],False,0,False,True,
1698287297393.jpg,Rastrelliger faughni,['Rastrelliger faughni'],['Rastrelliger faughni'],[],[],False,0,False,True,
1698317977154.jpg,Etelis carbunculus,['Etelis carbunculus'],['Etelis carbunculus'],['Parupeneus heptacanthus'],['Parupeneus heptacanthus'],False,1,False,False,
1698318008840.jpg,Pristigenys niphonia,['Pristigenys niphonia'],['Pristigenys niphonia'],['Parupeneus heptacanthus'],['Parupeneus heptacanthus'],False,1,False,False,
1698318241974.jpg,Lutjanus bohar,['Lutjanus bohar'],['Lutjanus bohar'],['Variola albimarginata'],['Variola albimarginata'],False,1,False,False,
1698318271190.jpg,Unidentifiable,['Unidentifiable'],['Unidentifiable'],[],[],False,0,False,True,
1698318445111.jpg,Etelis carbunculus,['Etelis carbunculus'],['Etelis carbunculus'],['Nan'],['Nan'],False,1,False,False,
1698318472782.jpg,Etelis carbunculus,['Etelis carbunculus'],['Etelis carbunculus'],['Nan'],['Nan'],False,1,False,False,
1698318508599.jpg,Etelis carbunculus,['Etelis carbunculus'],['Etelis carbunculus'],['Nan'],['Nan'],False,1,False,False,
1698318542443.jpg,Etelis carbunculus,['Etelis carbunculus'],['Etelis carbunculus'],['Nan'],['Nan'],False,1,False,False,
1698318697920.jpg,Etelis carbunculus,['Etelis carbunculus'],['Etelis carbunculus'],['Nan'],['Nan'],False,1,False,False,
1698318725562.jpg,Etelis carbunculus,['Etelis carbunculus'],['Etelis carbunculus'],['Nan'],['Nan'],False,1,False,False,
1698318753454.jpg,Etelis carbunculus,['Etelis carbunculus'],['Etelis carbunculus'],['Nan'],['Nan'],False,1,False,False,
1698324089147.jpg,Lutjanus gibbus,['Lutjanus gibbus'],['Lutjanus gibbus'],['Nan'],['Nan'],False,1,False,False,
1698324685559.jpg,Monotaxis grandoculis,['Monotaxis grandoculis'],['Monotaxis grandoculis'],['Nan'],['Nan'],False,1,False,False,
1698326100221.jpg,Decapterus,['Decapterus'],['Decapterus'],[],[],False,0,False,True,
1698326174120.jpg,Decapterus,['Decapterus'],['Decapterus'],[],[],False,0,False,True,
1698326472024.jpg,Decapterus,['Decapterus'],['Decapterus'],[],[],False,0,False,True,
1698326582594.jpg,Decapterus,['Decapterus'],['Decapterus'],[],[],False,0,False,True,
1698326743208.jpg,Decapterus,['Decapterus'],['Decapterus'],[],[],False,0,False,True,
1698326852673.jpg,Decapterus,['Decapterus'],['Decapterus'],[],[],False,0,False,True,
1698326995152.jpg,Decapterus,['Decapterus'],['Decapterus'],[],[],False,0,False,True,
1698327168593.jpg,Decapterus,['Decapterus'],['Decapterus'],[],[],False,0,False,True,
1698409882802.jpg,Etelis carbunculus,['Etelis carbunculus'],['Etelis carbunculus'],['Lutjanus johnii'],['Lutjanus johnii'],False,1,False,False,
1698409920330.jpg,Etelis carbunculus,['Etelis carbunculus'],['Etelis carbunculus'],['Parupeneus indicus'],['Parupeneus indicus'],False,1,False,False,
1698410051361.jpg,Etelis carbunculus,['Etelis carbunculus'],['Etelis carbunculus'],['Nan'],['Nan'],False,1,False,False,
1698410084921.jpg,Epinephelus radiatus,['Epinephelus radiatus'],['Epinephelus radiatus'],"['Nan', 'Nan']","['Nan', 'Nan']",False,2,True,False,
1698410084921.jpg,Etelis carbunculus,['Etelis carbunculus'],['Etelis carbunculus'],"['Nan', 'Nan']","['Nan', 'Nan']",False,2,True,False,
1698410212946.jpg,Etelis carbunculus,['Etelis carbunculus'],['Etelis carbunculus'],"['Upeneus vittatus', 'Decapterus macarellus', 'Upeneus vittatus', 'Decapterus macarellus', 'Upeneus vittatus', 'Upeneus vittatus']","['Upeneus vittatus', 'Decapterus macarellus', 'Upeneus vittatus', 'Decapterus macarellus', 'Upeneus vittatus', 'Upeneus vittatus']",False,6,True,False,
1698410256777.jpg,Epinephelus radiatus,['Epinephelus radiatus'],['Epinephelus radiatus'],['Nan'],['Nan'],False,1,False,False,
1698527855359.jpg,Lutjanus gibbus,['Lutjanus gibbus'],['Lutjanus gibbus'],['Parupeneus heptacanthus'],['Parupeneus heptacanthus'],False,1,False,False,
1698528173571.jpg,Caranx melampygus,['Caranx melampygus'],['Caranx melampygus'],['Nan'],['Nan'],False,1,False,False,
1698528209061.jpg,Lutjanus gibbus,['Lutjanus gibbus'],['Lutjanus gibbus'],['Parupeneus heptacanthus'],['Parupeneus heptacanthus'],False,1,False,False,
1698528308697.jpg,Lutjanus gibbus,['Lutjanus gibbus'],['Lutjanus gibbus'],"['Parupeneus heptacanthus', 'Parupeneus heptacanthus', 'Parupeneus heptacanthus', 'Parupeneus heptacanthus']","['Parupeneus heptacanthus', 'Parupeneus heptacanthus', 'Parupeneus heptacanthus', 'Parupeneus heptacanthus']",False,4,True,False,
1698528308697.jpg,Lutjanus bohar,['Lutjanus bohar'],['Lutjanus bohar'],"['Parupeneus heptacanthus', 'Parupeneus heptacanthus', 'Parupeneus heptacanthus', 'Parupeneus heptacanthus']","['Parupeneus heptacanthus', 'Parupeneus heptacanthus', 'Parupeneus heptacanthus', 'Parupeneus heptacanthus']",False,4,True,False,
1698528467655.jpg,Lutjanus gibbus,['Lutjanus gibbus'],['Lutjanus gibbus'],['Parupeneus heptacanthus'],['Parupeneus heptacanthus'],False,1,False,False,
1698528616835.jpg,Caranx lugubris,['Caranx lugubris'],['Caranx lugubris'],['Nan'],['Nan'],False,1,False,False,
1698528638801.jpg,Lutjanus bohar,['Lutjanus bohar'],['Lutjanus bohar'],"['Parupeneus heptacanthus', 'Parupeneus heptacanthus']","['Parupeneus heptacanthus', 'Parupeneus heptacanthus']",False,2,True,False,
1698528638801.jpg,Lutjanus gibbus,['Lutjanus gibbus'],['Lutjanus gibbus'],"['Parupeneus heptacanthus', 'Parupeneus heptacanthus']","['Parupeneus heptacanthus', 'Parupeneus heptacanthus']",False,2,True,False,
1698546478939.jpg,Caranx melampygus,['Caranx melampygus'],['Caranx melampygus'],['Pomadasys kaakan'],['Pomadasys kaakan'],False,1,False,False,
1698546986877.jpg,Caranx melampygus,['Caranx melampygus'],['Caranx melampygus'],['Nan'],['Nan'],False,1,False,False,
1698547268358.jpg,Atropus hedlandensis,['Atropus hedlandensis'],['Atropus hedlandensis'],[],[],False,0,False,True,
1698547361115.jpg,Scomberoides tol,['Scomberoides tol'],['Scomberoides tol'],"['Chirocentrus dorab', 'Chirocentrus dorab', 'Pomadasys argenteus']","['Chirocentrus dorab', 'Chirocentrus dorab', 'Pomadasys argenteus']",False,3,True,False,
1698547581641.jpg,Lutjanus rufolineatus,['Lutjanus rufolineatus'],['Lutjanus rufolineatus'],"['Lutjanus fulvus', 'Lujanus gibbus', 'Lutjanus fulvus', 'Lujanus gibbus']","['Lutjanus fulvus', 'Lujanus gibbus', 'Lutjanus fulvus', 'Lujanus gibbus']",False,4,True,False,
1698547581641.jpg,Lutjanus gibbus,['Lutjanus gibbus'],['Lutjanus gibbus'],"['Lutjanus fulvus', 'Lujanus gibbus', 'Lutjanus fulvus', 'Lujanus gibbus']","['Lutjanus fulvus', 'Lujanus gibbus', 'Lutjanus fulvus', 'Lujanus gibbus']",False,4,True,False,
1698547818209.jpg,Ferdauia orthogrammus,['Ferdauia orthogrammus'],['Ferdauia orthogrammus'],['Pomadasys kaakan'],['Pomadasys kaakan'],False,1,False,False,
1698547818209.jpg,Parupeneus heptacanthus,['Parupeneus heptacanthus'],['Parupeneus heptacanthus'],['Pomadasys kaakan'],['Pomadasys kaakan'],False,1,False,False,
1698547995586.jpg,Aurigequula fasciata,['Aurigequula fasciata'],['Aurigequula fasciata'],['Nan'],['Nan'],False,1,False,False,
1698548194367.jpg,Lutjanus bohar,['Lutjanus bohar'],['Lutjanus bohar'],['Lutjanus bohar'],['Lutjanus bohar'],True,1,False,False,Lutjanus bohar
1698548449060.jpg,Octopus,['Octopus'],['Octopus'],[],[],False,0,False,True,
1698548955693.jpg,Myripristis sp.,['Myripristis sp.'],['Myripristis sp'],"['Lutjanus johnii', 'Lutjanus johnii']","['Lutjanus johnii', 'Lutjanus johnii']",False,2,True,False,
1698548955693.jpg,Lutjanus rufolineatus,['Lutjanus rufolineatus'],['Lutjanus rufolineatus'],"['Lutjanus johnii', 'Lutjanus johnii']","['Lutjanus johnii', 'Lutjanus johnii']",False,2,True,False,
1698548955693.jpg,Lutjanus timoriensis,['Lutjanus timoriensis'],['Lutjanus timoriensis'],"['Lutjanus johnii', 'Lutjanus johnii']","['Lutjanus johnii', 'Lutjanus johnii']",False,2,True,False,
1698548955693.jpg,Nemipterus sp.,['Nemipterus sp.'],['Nemipterus sp'],"['Lutjanus johnii', 'Lutjanus johnii']","['Lutjanus johnii', 'Lutjanus johnii']",False,2,True,False,
1698549061480.jpg,Alectis ciliaris,['Alectis ciliaris'],['Alectis ciliaris'],['Alectis ciliaris'],['Alectis ciliaris'],True,1,False,False,Alectis ciliaris
1698549245463.jpg,Lethrinus sp.,['Lethrinus sp.'],['Lethrinus sp'],[],[],False,0,False,True,
1698549245463.jpg,Upeneus sp.,['Upeneus sp.'],['Upeneus sp'],[],[],False,0,False,True,
1698660942801.jpg,Lutjanus gibbus,['Lutjanus gibbus'],['Lutjanus gibbus'],['Nan'],['Nan'],False,1,False,False,
1698661235894.jpg,Lutjanus gibbus,['Lutjanus gibbus'],['Lutjanus gibbus'],['Lutjanus fulvus'],['Lutjanus fulvus'],False,1,False,False,
1698661390954.jpg,Lutjanus gibbus,['Lutjanus gibbus'],['Lutjanus gibbus'],['Lutjanus fulvus'],['Lutjanus fulvus'],False,1,False,False,
1698661541066.jpg,Caranx lugubris,['Caranx lugubris'],['Caranx lugubris'],['Nan'],['Nan'],False,1,False,False,
1698661562885.jpg,Lutjanus gibbus,['Lutjanus gibbus'],['Lutjanus gibbus'],['Gymnocranius grandoculis'],['Gymnocranius grandoculis'],False,1,False,False,
1698662104886.jpg,Lutjanus gibbus,['Lutjanus gibbus'],['Lutjanus gibbus'],['Nan'],['Nan'],False,1,False,False,
1698662651172.jpg,Lutjanus gibbus,['Lutjanus gibbus'],['Lutjanus gibbus'],['Nan'],['Nan'],False,1,False,False,
1698662758223.jpg,Lutjanus gibbus,['Lutjanus gibbus'],['Lutjanus gibbus'],['Nan'],['Nan'],False,1,False,False,
1698662908475.jpg,Lutjanus gibbus,['Lutjanus gibbus'],['Lutjanus gibbus'],"['Lujanus gibbus', 'Gymnocranius grandoculis']","['Lujanus gibbus', 'Gymnocranius grandoculis']",False,2,True,False,
1698663806513.jpg,Sufflamen sp.,['Sufflamen sp.'],['Sufflamen sp'],"['Nan', 'Nan', 'Nan']","['Nan', 'Nan', 'Nan']",False,3,True,False,
1698663806513.jpg,Lethrinus atkinsoni,['Lethrinus atkinsoni'],['Lethrinus atkinsoni'],"['Nan', 'Nan', 'Nan']","['Nan', 'Nan', 'Nan']",False,3,True,False,
1698663806513.jpg,Lethrinus ornatus,['Lethrinus ornatus'],['Lethrinus ornatus'],"['Nan', 'Nan', 'Nan']","['Nan', 'Nan', 'Nan']",False,3,True,False,
1698663806513.jpg,Lutjanus gibbus,['Lutjanus gibbus'],['Lutjanus gibbus'],"['Nan', 'Nan', 'Nan']","['Nan', 'Nan', 'Nan']",False,3,True,False,
1698663806513.jpg,Siganus spinus,['Siganus spinus'],['Siganus spinus'],"['Nan', 'Nan', 'Nan']","['Nan', 'Nan', 'Nan']",False,3,True,False,
1698740072533.jpg,Lutjanus gibbus,['Lutjanus gibbus'],['Lutjanus gibbus'],['Parupeneus indicus'],['Parupeneus indicus'],False,1,False,False,
1698740471563.jpg,Lutjanus gibbus,['Lutjanus gibbus'],['Lutjanus gibbus'],['Nan'],['Nan'],False,1,False,False,
1698740970816.jpg,Acanthurus nigricans,['Acanthurus nigricans'],['Acanthurus nigricans'],['Rastrelliger kanagurta'],['Rastrelliger kanagurta'],False,1,False,False,
1698740970816.jpg,Lutjanus gibbus,['Lutjanus gibbus'],['Lutjanus gibbus'],['Rastrelliger kanagurta'],['Rastrelliger kanagurta'],False,1,False,False,
1698741342007.jpg,Lethrinus reticulatus,['Lethrinus reticulatus'],['Lethrinus reticulatus'],"['Upeneus vittatus', 'Upeneus vittatus', 'Upeneus vittatus']","['Upeneus vittatus', 'Upeneus vittatus', 'Upeneus vittatus']",False,3,True,False,
1698741342007.jpg,Lutjanus fulvus,['Lutjanus fulvus'],['Lutjanus fulvus'],"['Upeneus vittatus', 'Upeneus vittatus', 'Upeneus vittatus']","['Upeneus vittatus', 'Upeneus vittatus', 'Upeneus vittatus']",False,3,True,False,
1698741342007.jpg,Lutjanus gibbus,['Lutjanus gibbus'],['Lutjanus gibbus'],"['Upeneus vittatus', 'Upeneus vittatus', 'Upeneus vittatus']","['Upeneus vittatus', 'Upeneus vittatus', 'Upeneus vittatus']",False,3,True,False,
1698881463437.jpg,Ferdauia orthogrammus,['Ferdauia orthogrammus'],['Ferdauia orthogrammus'],[],[],False,0,False,True,
1698882829927.jpg,Rastrelliger faughni,['Rastrelliger faughni'],['Rastrelliger faughni'],[],[],False,0,False,True,
1698883706764.jpg,Rastrelliger faughni,['Rastrelliger faughni'],['Rastrelliger faughni'],[],[],False,0,False,True,
1698884042665.jpg,Lutjanus johnii,['Lutjanus johnii'],['Lutjanus johnii'],['Gymnocranius grandoculis'],['Gymnocranius grandoculis'],False,1,False,False,
1698884756153.jpg,Rastrelliger faughni,['Rastrelliger faughni'],['Rastrelliger faughni'],[],[],False,0,False,True,
1698884953517.jpg,Rastrelliger faughni,['Rastrelliger faughni'],['Rastrelliger faughni'],[],[],False,0,False,True,
1698885082391.jpg,Rastrelliger faughni,['Rastrelliger faughni'],['Rastrelliger faughni'],[],[],False,0,False,True,
1698885184587.jpg,Ferdauia orthogrammus,['Ferdauia orthogrammus'],['Ferdauia orthogrammus'],[],[],False,0,False,True,
1698885483705.jpg,Lutjanus timoriensis,['Lutjanus timoriensis'],['Lutjanus timoriensis'],[],[],False,0,False,True,
1698885620725.jpg,Rastrelliger faughni,['Rastrelliger faughni'],['Rastrelliger faughni'],[],[],False,0,False,True,
1698885757783.jpg,Rastrelliger faughni,['Rastrelliger faughni'],['Rastrelliger faughni'],[],[],False,0,False,True,
1698885969755.jpg,Rastrelliger faughni,['Rastrelliger faughni'],['Rastrelliger faughni'],[],[],False,0,False,True,
1698886117727.jpg,Rastrelliger faughni,['Rastrelliger faughni'],['Rastrelliger faughni'],[],[],False,0,False,True,
1698886254584.jpg,Rastrelliger faughni,['Rastrelliger faughni'],['Rastrelliger faughni'],[],[],False,0,False,True,
1698886408432.jpg,Rastrelliger faughni,['Rastrelliger faughni'],['Rastrelliger faughni'],[],[],False,0,False,True,
1698926218599.jpg,Lutjanus gibbus,['Lutjanus gibbus'],['Lutjanus gibbus'],['Lutjanus johnii'],['Lutjanus johnii'],False,1,False,False,
1698926724684.jpg,Lutjanus gibbus,['Lutjanus gibbus'],['Lutjanus gibbus'],['Nan'],['Nan'],False,1,False,False,
1698927145975.jpg,Lutjanus gibbus,['Lutjanus gibbus'],['Lutjanus gibbus'],['Lutjanus johnii'],['Lutjanus johnii'],False,1,False,False,
1698927262789.jpg,Lutjanus gibbus,['Lutjanus gibbus'],['Lutjanus gibbus'],['Parupeneus heptacanthus'],['Parupeneus heptacanthus'],False,1,False,False,
1698927784464.jpg,Lutjanus gibbus,['Lutjanus gibbus'],['Lutjanus gibbus'],['Nan'],['Nan'],False,1,False,False,
1698928222909.jpg,Lutjanus gibbus,['Lutjanus gibbus'],['Lutjanus gibbus'],['Lutjanus johnii'],['Lutjanus johnii'],False,1,False,False,
1698928321548.jpg,Lutjanus gibbus,['Lutjanus gibbus'],['Lutjanus gibbus'],['Nan'],['Nan'],False,1,False,False,
1698928724030.jpg,Lethrinus sp.,['Lethrinus sp.'],['Lethrinus sp'],"['Lutjanus fulvus', 'Lujanus gibbus', 'Parupeneus indicus', 'Lutjanus johnii', 'Lutjanus fulvus', 'Lujanus gibbus', 'Parupeneus indicus', 'Lutjanus johnii']","['Lutjanus fulvus', 'Lujanus gibbus', 'Parupeneus indicus', 'Lutjanus johnii', 'Lutjanus fulvus', 'Lujanus gibbus', 'Parupeneus indicus', 'Lutjanus johnii']",False,8,True,False,
1698928724030.jpg,Lutjanus gibbus,['Lutjanus gibbus'],['Lutjanus gibbus'],"['Lutjanus fulvus', 'Lujanus gibbus', 'Parupeneus indicus', 'Lutjanus johnii', 'Lutjanus fulvus', 'Lujanus gibbus', 'Parupeneus indicus', 'Lutjanus johnii']","['Lutjanus fulvus', 'Lujanus gibbus', 'Parupeneus indicus', 'Lutjanus johnii', 'Lutjanus fulvus', 'Lujanus gibbus', 'Parupeneus indicus', 'Lutjanus johnii']",False,8,True,False,
1698928724030.jpg,Siganus fuscescens,['Siganus fuscescens'],['Siganus fuscescens'],"['Lutjanus fulvus', 'Lujanus gibbus', 'Parupeneus indicus', 'Lutjanus johnii', 'Lutjanus fulvus', 'Lujanus gibbus', 'Parupeneus indicus', 'Lutjanus johnii']","['Lutjanus fulvus', 'Lujanus gibbus', 'Parupeneus indicus', 'Lutjanus johnii', 'Lutjanus fulvus', 'Lujanus gibbus', 'Parupeneus indicus', 'Lutjanus johnii']",False,8,True,False,
1698928724030.jpg,Siganus spinus,['Siganus spinus'],['Siganus spinus'],"['Lutjanus fulvus', 'Lujanus gibbus', 'Parupeneus indicus', 'Lutjanus johnii', 'Lutjanus fulvus', 'Lujanus gibbus', 'Parupeneus indicus', 'Lutjanus johnii']","['Lutjanus fulvus', 'Lujanus gibbus', 'Parupeneus indicus', 'Lutjanus johnii', 'Lutjanus fulvus', 'Lujanus gibbus', 'Parupeneus indicus', 'Lutjanus johnii']",False,8,True,False,
1699164458540.jpg,Lutjanus bohar,['Lutjanus bohar'],['Lutjanus bohar'],['Nan'],['Nan'],False,1,False,False,
1699165202953.jpg,Decapterus,['Decapterus'],['Decapterus'],[],[],False,0,False,True,
1699165386010.jpg,Decapterus,['Decapterus'],['Decapterus'],[],[],False,0,False,True,
1699165527781.jpg,Decapterus,['Decapterus'],['Decapterus'],[],[],False,0,False,True,
1699166307265.jpg,Decapterus,['Decapterus'],['Decapterus'],[],[],False,0,False,True,
1699166451406.jpg,Decapterus,['Decapterus'],['Decapterus'],[],[],False,0,False,True,
1699167222100.jpg,Lutjanus bohar,['Lutjanus bohar'],['Lutjanus bohar'],['Nan'],['Nan'],False,1,False,False,
1699167338210.jpg,Lutjanus bohar,['Lutjanus bohar'],['Lutjanus bohar'],['Nan'],['Nan'],False,1,False,False,
1699354846204.jpg,Decapterus,['Decapterus'],['Decapterus'],[],[],False,0,False,True,
1699355005032.jpg,Caranx sexfasciatus,['Caranx sexfasciatus'],['Caranx sexfasciatus'],"['Caranx ignobilis', 'Caranx ignobilis']","['Caranx ignobilis', 'Caranx ignobilis']",False,2,True,False,
1699355005032.jpg,Caranx sp.,['Caranx sp.'],['Caranx sp'],"['Caranx ignobilis', 'Caranx ignobilis']","['Caranx ignobilis', 'Caranx ignobilis']",False,2,True,False,
1699355005032.jpg,Aphareus rutilans,['Aphareus rutilans'],['Aphareus rutilans'],"['Caranx ignobilis', 'Caranx ignobilis']","['Caranx ignobilis', 'Caranx ignobilis']",False,2,True,False,
1699355166176.jpg,Lethrinus mahsena,['Lethrinus mahsena'],['Lethrinus mahsena'],"['Nan', 'Nan', 'Nan']","['Nan', 'Nan', 'Nan']",False,3,True,False,
1699355166176.jpg,Lutjanus bohar,['Lutjanus bohar'],['Lutjanus bohar'],"['Nan', 'Nan', 'Nan']","['Nan', 'Nan', 'Nan']",False,3,True,False,
1699355166176.jpg,Lutjanus gibbus,['Lutjanus gibbus'],['Lutjanus gibbus'],"['Nan', 'Nan', 'Nan']","['Nan', 'Nan', 'Nan']",False,3,True,False,
1699355371850.jpg,Caranx ignobilis,['Caranx ignobilis'],['Caranx ignobilis'],"['Lutjanus johnii', 'Alectis ciliaris', 'Caranx ignobilis', 'Lutjanus johnii', 'Alectis ciliaris', 'Caranx ignobilis', 'Lutjanus johnii', 'Alectis ciliaris', 'Caranx ignobilis']","['Lutjanus johnii', 'Alectis ciliaris', 'Caranx ignobilis', 'Lutjanus johnii', 'Alectis ciliaris', 'Caranx ignobilis', 'Lutjanus johnii', 'Alectis ciliaris', 'Caranx ignobilis']",True,9,True,False,Caranx ignobilis
1699355371850.jpg,Caranx sexfasciatus,['Caranx sexfasciatus'],['Caranx sexfasciatus'],"['Lutjanus johnii', 'Alectis ciliaris', 'Caranx ignobilis', 'Lutjanus johnii', 'Alectis ciliaris', 'Caranx ignobilis', 'Lutjanus johnii', 'Alectis ciliaris', 'Caranx ignobilis']","['Lutjanus johnii', 'Alectis ciliaris', 'Caranx ignobilis', 'Lutjanus johnii', 'Alectis ciliaris', 'Caranx ignobilis', 'Lutjanus johnii', 'Alectis ciliaris', 'Caranx ignobilis']",False,9,True,False,
1699355371850.jpg,Aphareus rutilans,['Aphareus rutilans'],['Aphareus rutilans'],"['Lutjanus johnii', 'Alectis ciliaris', 'Caranx ignobilis', 'Lutjanus johnii', 'Alectis ciliaris', 'Caranx ignobilis', 'Lutjanus johnii', 'Alectis ciliaris', 'Caranx ignobilis']","['Lutjanus johnii', 'Alectis ciliaris', 'Caranx ignobilis', 'Lutjanus johnii', 'Alectis ciliaris', 'Caranx ignobilis', 'Lutjanus johnii', 'Alectis ciliaris', 'Caranx ignobilis']",False,9,True,False,
1699355518684.jpg,Decapterus,['Decapterus'],['Decapterus'],[],[],False,0,False,True,
1699355663933.jpg,Decapterus,['Decapterus'],['Decapterus'],[],[],False,0,False,True,
1699355808850.jpg,Decapterus,['Decapterus'],['Decapterus'],[],[],False,0,False,True,
1699355911620.jpg,Decapterus,['Decapterus'],['Decapterus'],[],[],False,0,False,True,
1699356009595.jpg,Decapterus,['Decapterus'],['Decapterus'],[],[],False,0,False,True,
1699356149974.jpg,Decapterus macarellus,['Decapterus macarellus'],['Decapterus macarellus'],['Scomberoides tol'],['Scomberoides tol'],False,1,False,False,
1699356276708.jpg,Decapterus macarellus,['Decapterus macarellus'],['Decapterus macarellus'],['Nan'],['Nan'],False,1,False,False,
1699356483694.jpg,Caranx melampygus,['Caranx melampygus'],['Caranx melampygus'],"['Lutjanus johnii', 'Lutjanus johnii']","['Lutjanus johnii', 'Lutjanus johnii']",False,2,True,False,
1699581757679.jpg,Caranx sp.,['Caranx sp.'],['Caranx sp'],[],[],False,0,False,True,
1699581832939.jpg,Rastrelliger sp.,['Rastrelliger sp.'],['Rastrelliger sp'],[],[],False,0,False,True,
